第一章|chương 1:
第二章|chương 2:
第三章|chương 3:
第四章|chương 4:
第五章|chương 5:
第六章|chương 6:
第七章|chương 7:
第八章|chương 8:
第九章|chương 9:
第十章|chương 10:
第十一章|chương 11:
第十二章|chương 12:
第十三章|chương 13:
第十四章|chương 14:
第十五章|chương 15:
第十六章|chương 16:
第十七章|chương 17:
第十八章|chương 18:
第十九章|chương 19:
第二十章|chương 20:
第二十一章|chương 21:
第二十二章|chương 22:
第二十三章|chương 23:
第二十四章|chương 24:
第二十五章|chương 25:
第二十六章|chương 26:
第二十七章|chương 27:
第二十八章|chương 28:
第二十九章|chương 29:
第三十章|chương 30:
第三十一章|chương 31:
第三十二章|chương 32:
第三十三章|chương 33:
第三十四章|chương 34:
第三十五章|chương 35:
第三十六章|chương 36:
第三十七章|chương 37:
第三十八章|chương 38:
第三十九章|chương 39:
第四十章|chương 40:
第四十一章|chương 41:
第四十二章|chương 42:
第四十三章|chương 43:
第四十四章|chương 44:
第四十五章|chương 45:
第四十六章|chương 46:
第四十七章|chương 47:
第四十八章|chương 48:
第四十九章|chương 49:
第五十章|chương 50:
第五十一章|chương 51:
第五十二章|chương 52:
第五十三章|chương 53:
第五十四章|chương 54:
第五十五章|chương 55:
第五十六章|chương 56:
第五十七章|chương 57:
第五十八章|chương 58:
第五十九章|chương 59:
第六十章|chương 60:
第六十一章|chương 61:
第六十二章|chương 62:
第六十三章|chương 63:
第六十四章|chương 64:
第六十五章|chương 65:
第六十六章|chương 66:
第六十七章|chương 67:
第六十八章|chương 68:
第六十九章|chương 69:
第七十章|chương 70:
第七十一章|chương 71:
第七十二章|chương 72:
第七十三章|chương 73:
第七十四章|chương 74:
第七十五章|chương 75:
第七十六章|chương 76:
第七十七章|chương 77:
第七十八章|chương 78:
第七十九章|chương 79:
第八十章|chương 80:
第八十一章|chương 81:
第八十二章|chương 82:
第八十三章|chương 83:
第八十四章|chương 84:
第八十五章|chương 85:
第八十六章|chương 86:
第八十七章|chương 87:
第八十八章|chương 88:
第八十九章|chương 89:
第九十章|chương 90:
第九十一章|chương 91:
第九十二章|chương 92:
第九十三章|chương 93:
第九十四章|chương 94:
第九十五章|chương 95:
第九十六章|chương 96:
第九十七章|chương 97:
第九十八章|chương 98:
第九十九章|chương 99:
第一百章|chương 100:
第一百零一章|chương 101:
第一百零二章|chương 102:
第一百零三章|chương 103:
第一百零四章|chương 104:
第一百零五章|chương 105:
第一百零六章|chương 106:
第一百零七章|chương 107:
第一百零八章|chương 108:
第一百零九章|chương 109:
第一百一十章|chương 110:
第一百一十一章|chương 111:
第一百一十二章|chương 112:
第一百一十三章|chương 113:
第一百一十四章|chương 114:
第一百一十五章|chương 115:
第一百一十六章|chương 116:
第一百一十七章|chương 117:
第一百一十八章|chương 118:
第一百一十九章|chương 119:
第一百二十章|chương 120:
第一百二十一章|chương 121:
第一百二十二章|chương 122:
第一百二十三章|chương 123:
第一百二十四章|chương 124:
第一百二十五章|chương 125:
第一百二十六章|chương 126:
第一百二十七章|chương 127:
第一百二十八章|chương 128:
第一百二十九章|chương 129:
第一百三十章|chương 130:
第一百三十一章|chương 131:
第一百三十二章|chương 132:
第一百三十三章|chương 133:
第一百三十四章|chương 134:
第一百三十五章|chương 135:
第一百三十六章|chương 136:
第一百三十七章|chương 137:
第一百三十八章|chương 138:
第一百三十九章|chương 139:
第一百四十章|chương 140:
第一百四十一章|chương 141:
第一百四十二章|chương 142:
第一百四十三章|chương 143:
第一百四十四章|chương 144:
第一百四十五章|chương 145:
第一百四十六章|chương 146:
第一百四十七章|chương 147:
第一百四十八章|chương 148:
第一百四十九章|chương 149:
第一百五十章|chương 150:
第一百五十一章|chương 151:
第一百五十二章|chương 152:
第一百五十三章|chương 153:
第一百五十四章|chương 154:
第一百五十五章|chương 155:
第一百五十六章|chương 156:
第一百五十七章|chương 157:
第一百五十八章|chương 158:
第一百五十九章|chương 159:
第一百六十章|chương 160:
第一百六十一章|chương 161:
第一百六十二章|chương 162:
第一百六十三章|chương 163:
第一百六十四章|chương 164:
第一百六十五章|chương 165:
第一百六十六章|chương 166:
第一百六十七章|chương 167:
第一百六十八章|chương 168:
第一百六十九章|chương 169:
第一百七十章|chương 170:
第一百七十一章|chương 171:
第一百七十二章|chương 172:
第一百七十三章|chương 173:
第一百七十四章|chương 174:
第一百七十五章|chương 175:
第一百七十六章|chương 176:
第一百七十七章|chương 177:
第一百七十八章|chương 178:
第一百七十九章|chương 179:
第一百八十章|chương 180:
第一百八十一章|chương 181:
第一百八十二章|chương 182:
第一百八十三章|chương 183:
第一百八十四章|chương 184:
第一百八十五章|chương 185:
第一百八十六章|chương 186:
第一百八十七章|chương 187:
第一百八十八章|chương 188:
第一百八十九章|chương 189:
第一百九十章|chương 190:
第一百九十一章|chương 191:
第一百九十二章|chương 192:
第一百九十三章|chương 193:
第一百九十四章|chương 194:
第一百九十五章|chương 195:
第一百九十六章|chương 196:
第一百九十七章|chương 197:
第一百九十八章|chương 198:
第一百九十九章|chương 199:
第二百章|chương 200:
第二百零一章|chương 201:
第二百零二章|chương 202:
第二百零三章|chương 203:
第二百零四章|chương 204:
第二百零五章|chương 205:
第二百零六章|chương 206:
第二百零七章|chương 207:
第二百零八章|chương 208:
第二百零九章|chương 209:
第二百一十章|chương 210:
第二百一十一章|chương 211:
第二百一十二章|chương 212:
第二百一十三章|chương 213:
第二百一十四章|chương 214:
第二百一十五章|chương 215:
第二百一十六章|chương 216:
第二百一十七章|chương 217:
第二百一十八章|chương 218:
第二百一十九章|chương 219:
第二百二十章|chương 220:
第二百二十一章|chương 221:
第二百二十二章|chương 222:
第二百二十三章|chương 223:
第二百二十四章|chương 224:
第二百二十五章|chương 225:
第二百二十六章|chương 226:
第二百二十七章|chương 227:
第二百二十八章|chương 228:
第二百二十九章|chương 229:
第二百三十章|chương 230:
第二百三十一章|chương 231:
第二百三十二章|chương 232:
第二百三十三章|chương 233:
第二百三十四章|chương 234:
第二百三十五章|chương 235:
第二百三十六章|chương 236:
第二百三十七章|chương 237:
第二百三十八章|chương 238:
第二百三十九章|chương 239:
第二百四十章|chương 240:
第二百四十一章|chương 241:
第二百四十二章|chương 242:
第二百四十三章|chương 243:
第二百四十四章|chương 244:
第二百四十五章|chương 245:
第二百四十六章|chương 246:
第二百四十七章|chương 247:
第二百四十八章|chương 248:
第二百四十九章|chương 249:
第二百五十章|chương 250:
第二百五十一章|chương 251:
第二百五十二章|chương 252:
第二百五十三章|chương 253:
第二百五十四章|chương 254:
第二百五十五章|chương 255:
第二百五十六章|chương 256:
第二百五十七章|chương 257:
第二百五十八章|chương 258:
第二百五十九章|chương 259:
第二百六十章|chương 260:
第二百六十一章|chương 261:
第二百六十二章|chương 262:
第二百六十三章|chương 263:
第二百六十四章|chương 264:
第二百六十五章|chương 265:
第二百六十六章|chương 266:
第二百六十七章|chương 267:
第二百六十八章|chương 268:
第二百六十九章|chương 269:
第二百七十章|chương 270:
第二百七十一章|chương 271:
第二百七十二章|chương 272:
第二百七十三章|chương 273:
第二百七十四章|chương 274:
第二百七十五章|chương 275:
第二百七十六章|chương 276:
第二百七十七章|chương 277:
第二百七十八章|chương 278:
第二百七十九章|chương 279:
第二百八十章|chương 280:
第二百八十一章|chương 281:
第二百八十二章|chương 282:
第二百八十三章|chương 283:
第二百八十四章|chương 284:
第二百八十五章|chương 285:
第二百八十六章|chương 286:
第二百八十七章|chương 287:
第二百八十八章|chương 288:
第二百八十九章|chương 289:
第二百九十章|chương 290:
第二百九十一章|chương 291:
第二百九十二章|chương 292:
第二百九十三章|chương 293:
第二百九十四章|chương 294:
第二百九十五章|chương 295:
第二百九十六章|chương 296:
第二百九十七章|chương 297:
第二百九十八章|chương 298:
第二百九十九章|chương 299:
第三百章|chương 300:
第三百零一章|chương 301:
第三百零二章|chương 302:
第三百零三章|chương 303:
第三百零四章|chương 304:
第三百零五章|chương 305:
第三百零六章|chương 306:
第三百零七章|chương 307:
第三百零八章|chương 308:
第三百零九章|chương 309:
第三百一十章|chương 310:
第三百一十一章|chương 311:
第三百一十二章|chương 312:
第三百一十三章|chương 313:
第三百一十四章|chương 314:
第三百一十五章|chương 315:
第三百一十六章|chương 316:
第三百一十七章|chương 317:
第三百一十八章|chương 318:
第三百一十九章|chương 319:
第三百二十章|chương 320:
第三百二十一章|chương 321:
第三百二十二章|chương 322:
第三百二十三章|chương 323:
第三百二十四章|chương 324:
第三百二十五章|chương 325:
第三百二十六章|chương 326:
第三百二十七章|chương 327:
第三百二十八章|chương 328:
第三百二十九章|chương 329:
第三百三十章|chương 330:
第三百三十一章|chương 331:
第三百三十二章|chương 332:
第三百三十三章|chương 333:
第三百三十四章|chương 334:
第三百三十五章|chương 335:
第三百三十六章|chương 336:
第三百三十七章|chương 337:
第三百三十八章|chương 338:
第三百三十九章|chương 339:
第三百四十章|chương 340:
第三百四十一章|chương 341:
第三百四十二章|chương 342:
第三百四十三章|chương 343:
第三百四十四章|chương 344:
第三百四十五章|chương 345:
第三百四十六章|chương 346:
第三百四十七章|chương 347:
第三百四十八章|chương 348:
第三百四十九章|chương 349:
第三百五十章|chương 350:
第三百五十一章|chương 351:
第三百五十二章|chương 352:
第三百五十三章|chương 353:
第三百五十四章|chương 354:
第三百五十五章|chương 355:
第三百五十六章|chương 356:
第三百五十七章|chương 357:
第三百五十八章|chương 358:
第三百五十九章|chương 359:
第三百六十章|chương 360:
第三百六十一章|chương 361:
第三百六十二章|chương 362:
第三百六十三章|chương 363:
第三百六十四章|chương 364:
第三百六十五章|chương 365:
第三百六十六章|chương 366:
第三百六十七章|chương 367:
第三百六十八章|chương 368:
第三百六十九章|chương 369:
第三百七十章|chương 370:
第三百七十一章|chương 371:
第三百七十二章|chương 372:
第三百七十三章|chương 373:
第三百七十四章|chương 374:
第三百七十五章|chương 375:
第三百七十六章|chương 376:
第三百七十七章|chương 377:
第三百七十八章|chương 378:
第三百七十九章|chương 379:
第三百八十章|chương 380:
第三百八十一章|chương 381:
第三百八十二章|chương 382:
第三百八十三章|chương 383:
第三百八十四章|chương 384:
第三百八十五章|chương 385:
第三百八十六章|chương 386:
第三百八十七章|chương 387:
第三百八十八章|chương 388:
第三百八十九章|chương 389:
第三百九十章|chương 390:
第三百九十一章|chương 391:
第三百九十二章|chương 392:
第三百九十三章|chương 393:
第三百九十四章|chương 394:
第三百九十五章|chương 395:
第三百九十六章|chương 396:
第三百九十七章|chương 397:
第三百九十八章|chương 398:
第三百九十九章|chương 399:
第四百章|chương 400:
第四百零一章|chương 401:
第四百零二章|chương 402:
第四百零三章|chương 403:
第四百零四章|chương 404:
第四百零五章|chương 405:
第四百零六章|chương 406:
第四百零七章|chương 407:
第四百零八章|chương 408:
第四百零九章|chương 409:
第四百一十章|chương 410:
第四百一十一章|chương 411:
第四百一十二章|chương 412:
第四百一十三章|chương 413:
第四百一十四章|chương 414:
第四百一十五章|chương 415:
第四百一十六章|chương 416:
第四百一十七章|chương 417:
第四百一十八章|chương 418:
第四百一十九章|chương 419:
第四百二十章|chương 420:
第四百二十一章|chương 421:
第四百二十二章|chương 422:
第四百二十三章|chương 423:
第四百二十四章|chương 424:
第四百二十五章|chương 425:
第四百二十六章|chương 426:
第四百二十七章|chương 427:
第四百二十八章|chương 428:
第四百二十九章|chương 429:
第四百三十章|chương 430:
第四百三十一章|chương 431:
第四百三十二章|chương 432:
第四百三十三章|chương 433:
第四百三十四章|chương 434:
第四百三十五章|chương 435:
第四百三十六章|chương 436:
第四百三十七章|chương 437:
第四百三十八章|chương 438:
第四百三十九章|chương 439:
第四百四十章|chương 440:
第四百四十一章|chương 441:
第四百四十二章|chương 442:
第四百四十三章|chương 443:
第四百四十四章|chương 444:
第四百四十五章|chương 445:
第四百四十六章|chương 446:
第四百四十七章|chương 447:
第四百四十八章|chương 448:
第四百四十九章|chương 449:
第四百五十章|chương 450:
第四百五十一章|chương 451:
第四百五十二章|chương 452:
第四百五十三章|chương 453:
第四百五十四章|chương 454:
第四百五十五章|chương 455:
第四百五十六章|chương 456:
第四百五十七章|chương 457:
第四百五十八章|chương 458:
第四百五十九章|chương 459:
第四百六十章|chương 460:
第四百六十一章|chương 461:
第四百六十二章|chương 462:
第四百六十三章|chương 463:
第四百六十四章|chương 464:
第四百六十五章|chương 465:
第四百六十六章|chương 466:
第四百六十七章|chương 467:
第四百六十八章|chương 468:
第四百六十九章|chương 469:
第四百七十章|chương 470:
第四百七十一章|chương 471:
第四百七十二章|chương 472:
第四百七十三章|chương 473:
第四百七十四章|chương 474:
第四百七十五章|chương 475:
第四百七十六章|chương 476:
第四百七十七章|chương 477:
第四百七十八章|chương 478:
第四百七十九章|chương 479:
第四百八十章|chương 480:
第四百八十一章|chương 481:
第四百八十二章|chương 482:
第四百八十三章|chương 483:
第四百八十四章|chương 484:
第四百八十五章|chương 485:
第四百八十六章|chương 486:
第四百八十七章|chương 487:
第四百八十八章|chương 488:
第四百八十九章|chương 489:
第四百九十章|chương 490:
第四百九十一章|chương 491:
第四百九十二章|chương 492:
第四百九十三章|chương 493:
第四百九十四章|chương 494:
第四百九十五章|chương 495:
第四百九十六章|chương 496:
第四百九十七章|chương 497:
第四百九十八章|chương 498:
第四百九十九章|chương 499:
第五百章|chương 500:
第五百零一章|chương 501:
第五百零二章|chương 502:
第五百零三章|chương 503:
第五百零四章|chương 504:
第五百零五章|chương 505:
第五百零六章|chương 506:
第五百零七章|chương 507:
第五百零八章|chương 508:
第五百零九章|chương 509:
第五百一十章|chương 510:
第五百一十一章|chương 511:
第五百一十二章|chương 512:
第五百一十三章|chương 513:
第五百一十四章|chương 514:
第五百一十五章|chương 515:
第五百一十六章|chương 516:
第五百一十七章|chương 517:
第五百一十八章|chương 518:
第五百一十九章|chương 519:
第五百二十章|chương 520:
第五百二十一章|chương 521:
第五百二十二章|chương 522:
第五百二十三章|chương 523:
第五百二十四章|chương 524:
第五百二十五章|chương 525:
第五百二十六章|chương 526:
第五百二十七章|chương 527:
第五百二十八章|chương 528:
第五百二十九章|chương 529:
第五百三十章|chương 530:
第五百三十一章|chương 531:
第五百三十二章|chương 532:
第五百三十三章|chương 533:
第五百三十四章|chương 534:
第五百三十五章|chương 535:
第五百三十六章|chương 536:
第五百三十七章|chương 537:
第五百三十八章|chương 538:
第五百三十九章|chương 539:
第五百四十章|chương 540:
第五百四十一章|chương 541:
第五百四十二章|chương 542:
第五百四十三章|chương 543:
第五百四十四章|chương 544:
第五百四十五章|chương 545:
第五百四十六章|chương 546:
第五百四十七章|chương 547:
第五百四十八章|chương 548:
第五百四十九章|chương 549:
第五百五十章|chương 550:
第五百五十一章|chương 551:
第五百五十二章|chương 552:
第五百五十三章|chương 553:
第五百五十四章|chương 554:
第五百五十五章|chương 555:
第五百五十六章|chương 556:
第五百五十七章|chương 557:
第五百五十八章|chương 558:
第五百五十九章|chương 559:
第五百六十章|chương 560:
第五百六十一章|chương 561:
第五百六十二章|chương 562:
第五百六十三章|chương 563:
第五百六十四章|chương 564:
第五百六十五章|chương 565:
第五百六十六章|chương 566:
第五百六十七章|chương 567:
第五百六十八章|chương 568:
第五百六十九章|chương 569:
第五百七十章|chương 570:
第五百七十一章|chương 571:
第五百七十二章|chương 572:
第五百七十三章|chương 573:
第五百七十四章|chương 574:
第五百七十五章|chương 575:
第五百七十六章|chương 576:
第五百七十七章|chương 577:
第五百七十八章|chương 578:
第五百七十九章|chương 579:
第五百八十章|chương 580:
第五百八十一章|chương 581:
第五百八十二章|chương 582:
第五百八十三章|chương 583:
第五百八十四章|chương 584:
第五百八十五章|chương 585:
第五百八十六章|chương 586:
第五百八十七章|chương 587:
第五百八十八章|chương 588:
第五百八十九章|chương 589:
第五百九十章|chương 590:
第五百九十一章|chương 591:
第五百九十二章|chương 592:
第五百九十三章|chương 593:
第五百九十四章|chương 594:
第五百九十五章|chương 595:
第五百九十六章|chương 596:
第五百九十七章|chương 597:
第五百九十八章|chương 598:
第五百九十九章|chương 599:
第六百章|chương 600:
第六百零一章|chương 601:
第六百零二章|chương 602:
第六百零三章|chương 603:
第六百零四章|chương 604:
第六百零五章|chương 605:
第六百零六章|chương 606:
第六百零七章|chương 607:
第六百零八章|chương 608:
第六百零九章|chương 609:
第六百一十章|chương 610:
第六百一十一章|chương 611:
第六百一十二章|chương 612:
第六百一十三章|chương 613:
第六百一十四章|chương 614:
第六百一十五章|chương 615:
第六百一十六章|chương 616:
第六百一十七章|chương 617:
第六百一十八章|chương 618:
第六百一十九章|chương 619:
第六百二十章|chương 620:
第六百二十一章|chương 621:
第六百二十二章|chương 622:
第六百二十三章|chương 623:
第六百二十四章|chương 624:
第六百二十五章|chương 625:
第六百二十六章|chương 626:
第六百二十七章|chương 627:
第六百二十八章|chương 628:
第六百二十九章|chương 629:
第六百三十章|chương 630:
第六百三十一章|chương 631:
第六百三十二章|chương 632:
第六百三十三章|chương 633:
第六百三十四章|chương 634:
第六百三十五章|chương 635:
第六百三十六章|chương 636:
第六百三十七章|chương 637:
第六百三十八章|chương 638:
第六百三十九章|chương 639:
第六百四十章|chương 640:
第六百四十一章|chương 641:
第六百四十二章|chương 642:
第六百四十三章|chương 643:
第六百四十四章|chương 644:
第六百四十五章|chương 645:
第六百四十六章|chương 646:
第六百四十七章|chương 647:
第六百四十八章|chương 648:
第六百四十九章|chương 649:
第六百五十章|chương 650:
第六百五十一章|chương 651:
第六百五十二章|chương 652:
第六百五十三章|chương 653:
第六百五十四章|chương 654:
第六百五十五章|chương 655:
第六百五十六章|chương 656:
第六百五十七章|chương 657:
第六百五十八章|chương 658:
第六百五十九章|chương 659:
第六百六十章|chương 660:
第六百六十一章|chương 661:
第六百六十二章|chương 662:
第六百六十三章|chương 663:
第六百六十四章|chương 664:
第六百六十五章|chương 665:
第六百六十六章|chương 666:
第六百六十七章|chương 667:
第六百六十八章|chương 668:
第六百六十九章|chương 669:
第六百七十章|chương 670:
第六百七十一章|chương 671:
第六百七十二章|chương 672:
第六百七十三章|chương 673:
第六百七十四章|chương 674:
第六百七十五章|chương 675:
第六百七十六章|chương 676:
第六百七十七章|chương 677:
第六百七十八章|chương 678:
第六百七十九章|chương 679:
第六百八十章|chương 680:
第六百八十一章|chương 681:
第六百八十二章|chương 682:
第六百八十三章|chương 683:
第六百八十四章|chương 684:
第六百八十五章|chương 685:
第六百八十六章|chương 686:
第六百八十七章|chương 687:
第六百八十八章|chương 688:
第六百八十九章|chương 689:
第六百九十章|chương 690:
第六百九十一章|chương 691:
第六百九十二章|chương 692:
第六百九十三章|chương 693:
第六百九十四章|chương 694:
第六百九十五章|chương 695:
第六百九十六章|chương 696:
第六百九十七章|chương 697:
第六百九十八章|chương 698:
第六百九十九章|chương 699:
第七百章|chương 700:
第七百零一章|chương 701:
第七百零二章|chương 702:
第七百零三章|chương 703:
第七百零四章|chương 704:
第七百零五章|chương 705:
第七百零六章|chương 706:
第七百零七章|chương 707:
第七百零八章|chương 708:
第七百零九章|chương 709:
第七百一十章|chương 710:
第七百一十一章|chương 711:
第七百一十二章|chương 712:
第七百一十三章|chương 713:
第七百一十四章|chương 714:
第七百一十五章|chương 715:
第七百一十六章|chương 716:
第七百一十七章|chương 717:
第七百一十八章|chương 718:
第七百一十九章|chương 719:
第七百二十章|chương 720:
第七百二十一章|chương 721:
第七百二十二章|chương 722:
第七百二十三章|chương 723:
第七百二十四章|chương 724:
第七百二十五章|chương 725:
第七百二十六章|chương 726:
第七百二十七章|chương 727:
第七百二十八章|chương 728:
第七百二十九章|chương 729:
第七百三十章|chương 730:
第七百三十一章|chương 731:
第七百三十二章|chương 732:
第七百三十三章|chương 733:
第七百三十四章|chương 734:
第七百三十五章|chương 735:
第七百三十六章|chương 736:
第七百三十七章|chương 737:
第七百三十八章|chương 738:
第七百三十九章|chương 739:
第七百四十章|chương 740:
第七百四十一章|chương 741:
第七百四十二章|chương 742:
第七百四十三章|chương 743:
第七百四十四章|chương 744:
第七百四十五章|chương 745:
第七百四十六章|chương 746:
第七百四十七章|chương 747:
第七百四十八章|chương 748:
第七百四十九章|chương 749:
第七百五十章|chương 750:
第七百五十一章|chương 751:
第七百五十二章|chương 752:
第七百五十三章|chương 753:
第七百五十四章|chương 754:
第七百五十五章|chương 755:
第七百五十六章|chương 756:
第七百五十七章|chương 757:
第七百五十八章|chương 758:
第七百五十九章|chương 759:
第七百六十章|chương 760:
第七百六十一章|chương 761:
第七百六十二章|chương 762:
第七百六十三章|chương 763:
第七百六十四章|chương 764:
第七百六十五章|chương 765:
第七百六十六章|chương 766:
第七百六十七章|chương 767:
第七百六十八章|chương 768:
第七百六十九章|chương 769:
第七百七十章|chương 770:
第七百七十一章|chương 771:
第七百七十二章|chương 772:
第七百七十三章|chương 773:
第七百七十四章|chương 774:
第七百七十五章|chương 775:
第七百七十六章|chương 776:
第七百七十七章|chương 777:
第七百七十八章|chương 778:
第七百七十九章|chương 779:
第七百八十章|chương 780:
第七百八十一章|chương 781:
第七百八十二章|chương 782:
第七百八十三章|chương 783:
第七百八十四章|chương 784:
第七百八十五章|chương 785:
第七百八十六章|chương 786:
第七百八十七章|chương 787:
第七百八十八章|chương 788:
第七百八十九章|chương 789:
第七百九十章|chương 790:
第七百九十一章|chương 791:
第七百九十二章|chương 792:
第七百九十三章|chương 793:
第七百九十四章|chương 794:
第七百九十五章|chương 795:
第七百九十六章|chương 796:
第七百九十七章|chương 797:
第七百九十八章|chương 798:
第七百九十九章|chương 799:
第八百章|chương 800:
第八百零一章|chương 801:
第八百零二章|chương 802:
第八百零三章|chương 803:
第八百零四章|chương 804:
第八百零五章|chương 805:
第八百零六章|chương 806:
第八百零七章|chương 807:
第八百零八章|chương 808:
第八百零九章|chương 809:
第八百一十章|chương 810:
第八百一十一章|chương 811:
第八百一十二章|chương 812:
第八百一十三章|chương 813:
第八百一十四章|chương 814:
第八百一十五章|chương 815:
第八百一十六章|chương 816:
第八百一十七章|chương 817:
第八百一十八章|chương 818:
第八百一十九章|chương 819:
第八百二十章|chương 820:
第八百二十一章|chương 821:
第八百二十二章|chương 822:
第八百二十三章|chương 823:
第八百二十四章|chương 824:
第八百二十五章|chương 825:
第八百二十六章|chương 826:
第八百二十七章|chương 827:
第八百二十八章|chương 828:
第八百二十九章|chương 829:
第八百三十章|chương 830:
第八百三十一章|chương 831:
第八百三十二章|chương 832:
第八百三十三章|chương 833:
第八百三十四章|chương 834:
第八百三十五章|chương 835:
第八百三十六章|chương 836:
第八百三十七章|chương 837:
第八百三十八章|chương 838:
第八百三十九章|chương 839:
第八百四十章|chương 840:
第八百四十一章|chương 841:
第八百四十二章|chương 842:
第八百四十三章|chương 843:
第八百四十四章|chương 844:
第八百四十五章|chương 845:
第八百四十六章|chương 846:
第八百四十七章|chương 847:
第八百四十八章|chương 848:
第八百四十九章|chương 849:
第八百五十章|chương 850:
第八百五十一章|chương 851:
第八百五十二章|chương 852:
第八百五十三章|chương 853:
第八百五十四章|chương 854:
第八百五十五章|chương 855:
第八百五十六章|chương 856:
第八百五十七章|chương 857:
第八百五十八章|chương 858:
第八百五十九章|chương 859:
第八百六十章|chương 860:
第八百六十一章|chương 861:
第八百六十二章|chương 862:
第八百六十三章|chương 863:
第八百六十四章|chương 864:
第八百六十五章|chương 865:
第八百六十六章|chương 866:
第八百六十七章|chương 867:
第八百六十八章|chương 868:
第八百六十九章|chương 869:
第八百七十章|chương 870:
第八百七十一章|chương 871:
第八百七十二章|chương 872:
第八百七十三章|chương 873:
第八百七十四章|chương 874:
第八百七十五章|chương 875:
第八百七十六章|chương 876:
第八百七十七章|chương 877:
第八百七十八章|chương 878:
第八百七十九章|chương 879:
第八百八十章|chương 880:
第八百八十一章|chương 881:
第八百八十二章|chương 882:
第八百八十三章|chương 883:
第八百八十四章|chương 884:
第八百八十五章|chương 885:
第八百八十六章|chương 886:
第八百八十七章|chương 887:
第八百八十八章|chương 888:
第八百八十九章|chương 889:
第八百九十章|chương 890:
第八百九十一章|chương 891:
第八百九十二章|chương 892:
第八百九十三章|chương 893:
第八百九十四章|chương 894:
第八百九十五章|chương 895:
第八百九十六章|chương 896:
第八百九十七章|chương 897:
第八百九十八章|chương 898:
第八百九十九章|chương 899:
第九百章|chương 900:
第九百零一章|chương 901:
第九百零二章|chương 902:
第九百零三章|chương 903:
第九百零四章|chương 904:
第九百零五章|chương 905:
第九百零六章|chương 906:
第九百零七章|chương 907:
第九百零八章|chương 908:
第九百零九章|chương 909:
第九百一十章|chương 910:
第九百一十一章|chương 911:
第九百一十二章|chương 912:
第九百一十三章|chương 913:
第九百一十四章|chương 914:
第九百一十五章|chương 915:
第九百一十六章|chương 916:
第九百一十七章|chương 917:
第九百一十八章|chương 918:
第九百一十九章|chương 919:
第九百二十章|chương 920:
第九百二十一章|chương 921:
第九百二十二章|chương 922:
第九百二十三章|chương 923:
第九百二十四章|chương 924:
第九百二十五章|chương 925:
第九百二十六章|chương 926:
第九百二十七章|chương 927:
第九百二十八章|chương 928:
第九百二十九章|chương 929:
第九百三十章|chương 930:
第九百三十一章|chương 931:
第九百三十二章|chương 932:
第九百三十三章|chương 933:
第九百三十四章|chương 934:
第九百三十五章|chương 935:
第九百三十六章|chương 936:
第九百三十七章|chương 937:
第九百三十八章|chương 938:
第九百三十九章|chương 939:
第九百四十章|chương 940:
第九百四十一章|chương 941:
第九百四十二章|chương 942:
第九百四十三章|chương 943:
第九百四十四章|chương 944:
第九百四十五章|chương 945:
第九百四十六章|chương 946:
第九百四十七章|chương 947:
第九百四十八章|chương 948:
第九百四十九章|chương 949:
第九百五十章|chương 950:
第九百五十一章|chương 951:
第九百五十二章|chương 952:
第九百五十三章|chương 953:
第九百五十四章|chương 954:
第九百五十五章|chương 955:
第九百五十六章|chương 956:
第九百五十七章|chương 957:
第九百五十八章|chương 958:
第九百五十九章|chương 959:
第九百六十章|chương 960:
第九百六十一章|chương 961:
第九百六十二章|chương 962:
第九百六十三章|chương 963:
第九百六十四章|chương 964:
第九百六十五章|chương 965:
第九百六十六章|chương 966:
第九百六十七章|chương 967:
第九百六十八章|chương 968:
第九百六十九章|chương 969:
第九百七十章|chương 970:
第九百七十一章|chương 971:
第九百七十二章|chương 972:
第九百七十三章|chương 973:
第九百七十四章|chương 974:
第九百七十五章|chương 975:
第九百七十六章|chương 976:
第九百七十七章|chương 977:
第九百七十八章|chương 978:
第九百七十九章|chương 979:
第九百八十章|chương 980:
第九百八十一章|chương 981:
第九百八十二章|chương 982:
第九百八十三章|chương 983:
第九百八十四章|chương 984:
第九百八十五章|chương 985:
第九百八十六章|chương 986:
第九百八十七章|chương 987:
第九百八十八章|chương 988:
第九百八十九章|chương 989:
第九百九十章|chương 990:
第九百九十一章|chương 991:
第九百九十二章|chương 992:
第九百九十三章|chương 993:
第九百九十四章|chương 994:
第九百九十五章|chương 995:
第九百九十六章|chương 996:
第九百九十七章|chương 997:
第九百九十八章|chương 998:
第九百九十九章|chương 999:
第一千章|chương 1000:
第一千零一章|chương 1001:
第一千零二章|chương 1002:
第一千零三章|chương 1003:
第一千零四章|chương 1004:
第一千零五章|chương 1005:
第一千零六章|chương 1006:
第一千零七章|chương 1007:
第一千零八章|chương 1008:
第一千零九章|chương 1009:
第一千零一十章|chương 1010:
第一千零一十一章|chương 1011:
第一千零一十二章|chương 1012:
第一千零一十三章|chương 1013:
第一千零一十四章|chương 1014:
第一千零一十五章|chương 1015:
第一千零一十六章|chương 1016:
第一千零一十七章|chương 1017:
第一千零一十八章|chương 1018:
第一千零一十九章|chương 1019:
第一千零二十章|chương 1020:
第一千零二十一章|chương 1021:
第一千零二十二章|chương 1022:
第一千零二十三章|chương 1023:
第一千零二十四章|chương 1024:
第一千零二十五章|chương 1025:
第一千零二十六章|chương 1026:
第一千零二十七章|chương 1027:
第一千零二十八章|chương 1028:
第一千零二十九章|chương 1029:
第一千零三十章|chương 1030:
第一千零三十一章|chương 1031:
第一千零三十二章|chương 1032:
第一千零三十三章|chương 1033:
第一千零三十四章|chương 1034:
第一千零三十五章|chương 1035:
第一千零三十六章|chương 1036:
第一千零三十七章|chương 1037:
第一千零三十八章|chương 1038:
第一千零三十九章|chương 1039:
第一千零四十章|chương 1040:
第一千零四十一章|chương 1041:
第一千零四十二章|chương 1042:
第一千零四十三章|chương 1043:
第一千零四十四章|chương 1044:
第一千零四十五章|chương 1045:
第一千零四十六章|chương 1046:
第一千零四十七章|chương 1047:
第一千零四十八章|chương 1048:
第一千零四十九章|chương 1049:
第一千零五十章|chương 1050:
第一千零五十一章|chương 1051:
第一千零五十二章|chương 1052:
第一千零五十三章|chương 1053:
第一千零五十四章|chương 1054:
第一千零五十五章|chương 1055:
第一千零五十六章|chương 1056:
第一千零五十七章|chương 1057:
第一千零五十八章|chương 1058:
第一千零五十九章|chương 1059:
第一千零六十章|chương 1060:
第一千零六十一章|chương 1061:
第一千零六十二章|chương 1062:
第一千零六十三章|chương 1063:
第一千零六十四章|chương 1064:
第一千零六十五章|chương 1065:
第一千零六十六章|chương 1066:
第一千零六十七章|chương 1067:
第一千零六十八章|chương 1068:
第一千零六十九章|chương 1069:
第一千零七十章|chương 1070:
第一千零七十一章|chương 1071:
第一千零七十二章|chương 1072:
第一千零七十三章|chương 1073:
第一千零七十四章|chương 1074:
第一千零七十五章|chương 1075:
第一千零七十六章|chương 1076:
第一千零七十七章|chương 1077:
第一千零七十八章|chương 1078:
第一千零七十九章|chương 1079:
第一千零八十章|chương 1080:
第一千零八十一章|chương 1081:
第一千零八十二章|chương 1082:
第一千零八十三章|chương 1083:
第一千零八十四章|chương 1084:
第一千零八十五章|chương 1085:
第一千零八十六章|chương 1086:
第一千零八十七章|chương 1087:
第一千零八十八章|chương 1088:
第一千零八十九章|chương 1089:
第一千零九十章|chương 1090:
第一千零九十一章|chương 1091:
第一千零九十二章|chương 1092:
第一千零九十三章|chương 1093:
第一千零九十四章|chương 1094:
第一千零九十五章|chương 1095:
第一千零九十六章|chương 1096:
第一千零九十七章|chương 1097:
第一千零九十八章|chương 1098:
第一千零九十九章|chương 1099:
第一千一百章|chương 1100:
第一千一百零一章|chương 1101:
第一千一百零二章|chương 1102:
第一千一百零三章|chương 1103:
第一千一百零四章|chương 1104:
第一千一百零五章|chương 1105:
第一千一百零六章|chương 1106:
第一千一百零七章|chương 1107:
第一千一百零八章|chương 1108:
第一千一百零九章|chương 1109:
第一千一百一十章|chương 1110:
第一千一百一十一章|chương 1111:
第一千一百一十二章|chương 1112:
第一千一百一十三章|chương 1113:
第一千一百一十四章|chương 1114:
第一千一百一十五章|chương 1115:
第一千一百一十六章|chương 1116:
第一千一百一十七章|chương 1117:
第一千一百一十八章|chương 1118:
第一千一百一十九章|chương 1119:
第一千一百二十章|chương 1120:
第一千一百二十一章|chương 1121:
第一千一百二十二章|chương 1122:
第一千一百二十三章|chương 1123:
第一千一百二十四章|chương 1124:
第一千一百二十五章|chương 1125:
第一千一百二十六章|chương 1126:
第一千一百二十七章|chương 1127:
第一千一百二十八章|chương 1128:
第一千一百二十九章|chương 1129:
第一千一百三十章|chương 1130:
第一千一百三十一章|chương 1131:
第一千一百三十二章|chương 1132:
第一千一百三十三章|chương 1133:
第一千一百三十四章|chương 1134:
第一千一百三十五章|chương 1135:
第一千一百三十六章|chương 1136:
第一千一百三十七章|chương 1137:
第一千一百三十八章|chương 1138:
第一千一百三十九章|chương 1139:
第一千一百四十章|chương 1140:
第一千一百四十一章|chương 1141:
第一千一百四十二章|chương 1142:
第一千一百四十三章|chương 1143:
第一千一百四十四章|chương 1144:
第一千一百四十五章|chương 1145:
第一千一百四十六章|chương 1146:
第一千一百四十七章|chương 1147:
第一千一百四十八章|chương 1148:
第一千一百四十九章|chương 1149:
第一千一百五十章|chương 1150:
第一千一百五十一章|chương 1151:
第一千一百五十二章|chương 1152:
第一千一百五十三章|chương 1153:
第一千一百五十四章|chương 1154:
第一千一百五十五章|chương 1155:
第一千一百五十六章|chương 1156:
第一千一百五十七章|chương 1157:
第一千一百五十八章|chương 1158:
第一千一百五十九章|chương 1159:
第一千一百六十章|chương 1160:
第一千一百六十一章|chương 1161:
第一千一百六十二章|chương 1162:
第一千一百六十三章|chương 1163:
第一千一百六十四章|chương 1164:
第一千一百六十五章|chương 1165:
第一千一百六十六章|chương 1166:
第一千一百六十七章|chương 1167:
第一千一百六十八章|chương 1168:
第一千一百六十九章|chương 1169:
第一千一百七十章|chương 1170:
第一千一百七十一章|chương 1171:
第一千一百七十二章|chương 1172:
第一千一百七十三章|chương 1173:
第一千一百七十四章|chương 1174:
第一千一百七十五章|chương 1175:
第一千一百七十六章|chương 1176:
第一千一百七十七章|chương 1177:
第一千一百七十八章|chương 1178:
第一千一百七十九章|chương 1179:
第一千一百八十章|chương 1180:
第一千一百八十一章|chương 1181:
第一千一百八十二章|chương 1182:
第一千一百八十三章|chương 1183:
第一千一百八十四章|chương 1184:
第一千一百八十五章|chương 1185:
第一千一百八十六章|chương 1186:
第一千一百八十七章|chương 1187:
第一千一百八十八章|chương 1188:
第一千一百八十九章|chương 1189:
第一千一百九十章|chương 1190:
第一千一百九十一章|chương 1191:
第一千一百九十二章|chương 1192:
第一千一百九十三章|chương 1193:
第一千一百九十四章|chương 1194:
第一千一百九十五章|chương 1195:
第一千一百九十六章|chương 1196:
第一千一百九十七章|chương 1197:
第一千一百九十八章|chương 1198:
第一千一百九十九章|chương 1199:
第一千二百章|chương 1200:
第一千二百零一章|chương 1201:
第一千二百零二章|chương 1202:
第一千二百零三章|chương 1203:
第一千二百零四章|chương 1204:
第一千二百零五章|chương 1205:
第一千二百零六章|chương 1206:
第一千二百零七章|chương 1207:
第一千二百零八章|chương 1208:
第一千二百零九章|chương 1209:
第一千二百一十章|chương 1210:
第一千二百一十一章|chương 1211:
第一千二百一十二章|chương 1212:
第一千二百一十三章|chương 1213:
第一千二百一十四章|chương 1214:
第一千二百一十五章|chương 1215:
第一千二百一十六章|chương 1216:
第一千二百一十七章|chương 1217:
第一千二百一十八章|chương 1218:
第一千二百一十九章|chương 1219:
第一千二百二十章|chương 1220:
第一千二百二十一章|chương 1221:
第一千二百二十二章|chương 1222:
第一千二百二十三章|chương 1223:
第一千二百二十四章|chương 1224:
第一千二百二十五章|chương 1225:
第一千二百二十六章|chương 1226:
第一千二百二十七章|chương 1227:
第一千二百二十八章|chương 1228:
第一千二百二十九章|chương 1229:
第一千二百三十章|chương 1230:
第一千二百三十一章|chương 1231:
第一千二百三十二章|chương 1232:
第一千二百三十三章|chương 1233:
第一千二百三十四章|chương 1234:
第一千二百三十五章|chương 1235:
第一千二百三十六章|chương 1236:
第一千二百三十七章|chương 1237:
第一千二百三十八章|chương 1238:
第一千二百三十九章|chương 1239:
第一千二百四十章|chương 1240:
第一千二百四十一章|chương 1241:
第一千二百四十二章|chương 1242:
第一千二百四十三章|chương 1243:
第一千二百四十四章|chương 1244:
第一千二百四十五章|chương 1245:
第一千二百四十六章|chương 1246:
第一千二百四十七章|chương 1247:
第一千二百四十八章|chương 1248:
第一千二百四十九章|chương 1249:
第一千二百五十章|chương 1250:
第一千二百五十一章|chương 1251:
第一千二百五十二章|chương 1252:
第一千二百五十三章|chương 1253:
第一千二百五十四章|chương 1254:
第一千二百五十五章|chương 1255:
第一千二百五十六章|chương 1256:
第一千二百五十七章|chương 1257:
第一千二百五十八章|chương 1258:
第一千二百五十九章|chương 1259:
第一千二百六十章|chương 1260:
第一千二百六十一章|chương 1261:
第一千二百六十二章|chương 1262:
第一千二百六十三章|chương 1263:
第一千二百六十四章|chương 1264:
第一千二百六十五章|chương 1265:
第一千二百六十六章|chương 1266:
第一千二百六十七章|chương 1267:
第一千二百六十八章|chương 1268:
第一千二百六十九章|chương 1269:
第一千二百七十章|chương 1270:
第一千二百七十一章|chương 1271:
第一千二百七十二章|chương 1272:
第一千二百七十三章|chương 1273:
第一千二百七十四章|chương 1274:
第一千二百七十五章|chương 1275:
第一千二百七十六章|chương 1276:
第一千二百七十七章|chương 1277:
第一千二百七十八章|chương 1278:
第一千二百七十九章|chương 1279:
第一千二百八十章|chương 1280:
第一千二百八十一章|chương 1281:
第一千二百八十二章|chương 1282:
第一千二百八十三章|chương 1283:
第一千二百八十四章|chương 1284:
第一千二百八十五章|chương 1285:
第一千二百八十六章|chương 1286:
第一千二百八十七章|chương 1287:
第一千二百八十八章|chương 1288:
第一千二百八十九章|chương 1289:
第一千二百九十章|chương 1290:
第一千二百九十一章|chương 1291:
第一千二百九十二章|chương 1292:
第一千二百九十三章|chương 1293:
第一千二百九十四章|chương 1294:
第一千二百九十五章|chương 1295:
第一千二百九十六章|chương 1296:
第一千二百九十七章|chương 1297:
第一千二百九十八章|chương 1298:
第一千二百九十九章|chương 1299:
第一千三百章|chương 1300:
第一千三百零一章|chương 1301:
第一千三百零二章|chương 1302:
第一千三百零三章|chương 1303:
第一千三百零四章|chương 1304:
第一千三百零五章|chương 1305:
第一千三百零六章|chương 1306:
第一千三百零七章|chương 1307:
第一千三百零八章|chương 1308:
第一千三百零九章|chương 1309:
第一千三百一十章|chương 1310:
第一千三百一十一章|chương 1311:
第一千三百一十二章|chương 1312:
第一千三百一十三章|chương 1313:
第一千三百一十四章|chương 1314:
第一千三百一十五章|chương 1315:
第一千三百一十六章|chương 1316:
第一千三百一十七章|chương 1317:
第一千三百一十八章|chương 1318:
第一千三百一十九章|chương 1319:
第一千三百二十章|chương 1320:
第一千三百二十一章|chương 1321:
第一千三百二十二章|chương 1322:
第一千三百二十三章|chương 1323:
第一千三百二十四章|chương 1324:
第一千三百二十五章|chương 1325:
第一千三百二十六章|chương 1326:
第一千三百二十七章|chương 1327:
第一千三百二十八章|chương 1328:
第一千三百二十九章|chương 1329:
第一千三百三十章|chương 1330:
第一千三百三十一章|chương 1331:
第一千三百三十二章|chương 1332:
第一千三百三十三章|chương 1333:
第一千三百三十四章|chương 1334:
第一千三百三十五章|chương 1335:
第一千三百三十六章|chương 1336:
第一千三百三十七章|chương 1337:
第一千三百三十八章|chương 1338:
第一千三百三十九章|chương 1339:
第一千三百四十章|chương 1340:
第一千三百四十一章|chương 1341:
第一千三百四十二章|chương 1342:
第一千三百四十三章|chương 1343:
第一千三百四十四章|chương 1344:
第一千三百四十五章|chương 1345:
第一千三百四十六章|chương 1346:
第一千三百四十七章|chương 1347:
第一千三百四十八章|chương 1348:
第一千三百四十九章|chương 1349:
第一千三百五十章|chương 1350:
第一千三百五十一章|chương 1351:
第一千三百五十二章|chương 1352:
第一千三百五十三章|chương 1353:
第一千三百五十四章|chương 1354:
第一千三百五十五章|chương 1355:
第一千三百五十六章|chương 1356:
第一千三百五十七章|chương 1357:
第一千三百五十八章|chương 1358:
第一千三百五十九章|chương 1359:
第一千三百六十章|chương 1360:
第一千三百六十一章|chương 1361:
第一千三百六十二章|chương 1362:
第一千三百六十三章|chương 1363:
第一千三百六十四章|chương 1364:
第一千三百六十五章|chương 1365:
第一千三百六十六章|chương 1366:
第一千三百六十七章|chương 1367:
第一千三百六十八章|chương 1368:
第一千三百六十九章|chương 1369:
第一千三百七十章|chương 1370:
第一千三百七十一章|chương 1371:
第一千三百七十二章|chương 1372:
第一千三百七十三章|chương 1373:
第一千三百七十四章|chương 1374:
第一千三百七十五章|chương 1375:
第一千三百七十六章|chương 1376:
第一千三百七十七章|chương 1377:
第一千三百七十八章|chương 1378:
第一千三百七十九章|chương 1379:
第一千三百八十章|chương 1380:
第一千三百八十一章|chương 1381:
第一千三百八十二章|chương 1382:
第一千三百八十三章|chương 1383:
第一千三百八十四章|chương 1384:
第一千三百八十五章|chương 1385:
第一千三百八十六章|chương 1386:
第一千三百八十七章|chương 1387:
第一千三百八十八章|chương 1388:
第一千三百八十九章|chương 1389:
第一千三百九十章|chương 1390:
第一千三百九十一章|chương 1391:
第一千三百九十二章|chương 1392:
第一千三百九十三章|chương 1393:
第一千三百九十四章|chương 1394:
第一千三百九十五章|chương 1395:
第一千三百九十六章|chương 1396:
第一千三百九十七章|chương 1397:
第一千三百九十八章|chương 1398:
第一千三百九十九章|chương 1399:
第一千四百章|chương 1400:
第一千四百零一章|chương 1401:
第一千四百零二章|chương 1402:
第一千四百零三章|chương 1403:
第一千四百零四章|chương 1404:
第一千四百零五章|chương 1405:
第一千四百零六章|chương 1406:
第一千四百零七章|chương 1407:
第一千四百零八章|chương 1408:
第一千四百零九章|chương 1409:
第一千四百一十章|chương 1410:
第一千四百一十一章|chương 1411:
第一千四百一十二章|chương 1412:
第一千四百一十三章|chương 1413:
第一千四百一十四章|chương 1414:
第一千四百一十五章|chương 1415:
第一千四百一十六章|chương 1416:
第一千四百一十七章|chương 1417:
第一千四百一十八章|chương 1418:
第一千四百一十九章|chương 1419:
第一千四百二十章|chương 1420:
第一千四百二十一章|chương 1421:
第一千四百二十二章|chương 1422:
第一千四百二十三章|chương 1423:
第一千四百二十四章|chương 1424:
第一千四百二十五章|chương 1425:
第一千四百二十六章|chương 1426:
第一千四百二十七章|chương 1427:
第一千四百二十八章|chương 1428:
第一千四百二十九章|chương 1429:
第一千四百三十章|chương 1430:
第一千四百三十一章|chương 1431:
第一千四百三十二章|chương 1432:
第一千四百三十三章|chương 1433:
第一千四百三十四章|chương 1434:
第一千四百三十五章|chương 1435:
第一千四百三十六章|chương 1436:
第一千四百三十七章|chương 1437:
第一千四百三十八章|chương 1438:
第一千四百三十九章|chương 1439:
第一千四百四十章|chương 1440:
第一千四百四十一章|chương 1441:
第一千四百四十二章|chương 1442:
第一千四百四十三章|chương 1443:
第一千四百四十四章|chương 1444:
第一千四百四十五章|chương 1445:
第一千四百四十六章|chương 1446:
第一千四百四十七章|chương 1447:
第一千四百四十八章|chương 1448:
第一千四百四十九章|chương 1449:
第一千四百五十章|chương 1450:
第一千四百五十一章|chương 1451:
第一千四百五十二章|chương 1452:
第一千四百五十三章|chương 1453:
第一千四百五十四章|chương 1454:
第一千四百五十五章|chương 1455:
第一千四百五十六章|chương 1456:
第一千四百五十七章|chương 1457:
第一千四百五十八章|chương 1458:
第一千四百五十九章|chương 1459:
第一千四百六十章|chương 1460:
第一千四百六十一章|chương 1461:
第一千四百六十二章|chương 1462:
第一千四百六十三章|chương 1463:
第一千四百六十四章|chương 1464:
第一千四百六十五章|chương 1465:
第一千四百六十六章|chương 1466:
第一千四百六十七章|chương 1467:
第一千四百六十八章|chương 1468:
第一千四百六十九章|chương 1469:
第一千四百七十章|chương 1470:
第一千四百七十一章|chương 1471:
第一千四百七十二章|chương 1472:
第一千四百七十三章|chương 1473:
第一千四百七十四章|chương 1474:
第一千四百七十五章|chương 1475:
第一千四百七十六章|chương 1476:
第一千四百七十七章|chương 1477:
第一千四百七十八章|chương 1478:
第一千四百七十九章|chương 1479:
第一千四百八十章|chương 1480:
第一千四百八十一章|chương 1481:
第一千四百八十二章|chương 1482:
第一千四百八十三章|chương 1483:
第一千四百八十四章|chương 1484:
第一千四百八十五章|chương 1485:
第一千四百八十六章|chương 1486:
第一千四百八十七章|chương 1487:
第一千四百八十八章|chương 1488:
第一千四百八十九章|chương 1489:
第一千四百九十章|chương 1490:
第一千四百九十一章|chương 1491:
第一千四百九十二章|chương 1492:
第一千四百九十三章|chương 1493:
第一千四百九十四章|chương 1494:
第一千四百九十五章|chương 1495:
第一千四百九十六章|chương 1496:
第一千四百九十七章|chương 1497:
第一千四百九十八章|chương 1498:
第一千四百九十九章|chương 1499:
第一千五百章|chương 1500:
第一千五百零一章|chương 1501:
第一千五百零二章|chương 1502:
第一千五百零三章|chương 1503:
第一千五百零四章|chương 1504:
第一千五百零五章|chương 1505:
第一千五百零六章|chương 1506:
第一千五百零七章|chương 1507:
第一千五百零八章|chương 1508:
第一千五百零九章|chương 1509:
第一千五百一十章|chương 1510:
第一千五百一十一章|chương 1511:
第一千五百一十二章|chương 1512:
第一千五百一十三章|chương 1513:
第一千五百一十四章|chương 1514:
第一千五百一十五章|chương 1515:
第一千五百一十六章|chương 1516:
第一千五百一十七章|chương 1517:
第一千五百一十八章|chương 1518:
第一千五百一十九章|chương 1519:
第一千五百二十章|chương 1520:
第一千五百二十一章|chương 1521:
第一千五百二十二章|chương 1522:
第一千五百二十三章|chương 1523:
第一千五百二十四章|chương 1524:
第一千五百二十五章|chương 1525:
第一千五百二十六章|chương 1526:
第一千五百二十七章|chương 1527:
第一千五百二十八章|chương 1528:
第一千五百二十九章|chương 1529:
第一千五百三十章|chương 1530:
第一千五百三十一章|chương 1531:
第一千五百三十二章|chương 1532:
第一千五百三十三章|chương 1533:
第一千五百三十四章|chương 1534:
第一千五百三十五章|chương 1535:
第一千五百三十六章|chương 1536:
第一千五百三十七章|chương 1537:
第一千五百三十八章|chương 1538:
第一千五百三十九章|chương 1539:
第一千五百四十章|chương 1540:
第一千五百四十一章|chương 1541:
第一千五百四十二章|chương 1542:
第一千五百四十三章|chương 1543:
第一千五百四十四章|chương 1544:
第一千五百四十五章|chương 1545:
第一千五百四十六章|chương 1546:
第一千五百四十七章|chương 1547:
第一千五百四十八章|chương 1548:
第一千五百四十九章|chương 1549:
第一千五百五十章|chương 1550:
第一千五百五十一章|chương 1551:
第一千五百五十二章|chương 1552:
第一千五百五十三章|chương 1553:
第一千五百五十四章|chương 1554:
第一千五百五十五章|chương 1555:
第一千五百五十六章|chương 1556:
第一千五百五十七章|chương 1557:
第一千五百五十八章|chương 1558:
第一千五百五十九章|chương 1559:
第一千五百六十章|chương 1560:
第一千五百六十一章|chương 1561:
第一千五百六十二章|chương 1562:
第一千五百六十三章|chương 1563:
第一千五百六十四章|chương 1564:
第一千五百六十五章|chương 1565:
第一千五百六十六章|chương 1566:
第一千五百六十七章|chương 1567:
第一千五百六十八章|chương 1568:
第一千五百六十九章|chương 1569:
第一千五百七十章|chương 1570:
第一千五百七十一章|chương 1571:
第一千五百七十二章|chương 1572:
第一千五百七十三章|chương 1573:
第一千五百七十四章|chương 1574:
第一千五百七十五章|chương 1575:
第一千五百七十六章|chương 1576:
第一千五百七十七章|chương 1577:
第一千五百七十八章|chương 1578:
第一千五百七十九章|chương 1579:
第一千五百八十章|chương 1580:
第一千五百八十一章|chương 1581:
第一千五百八十二章|chương 1582:
第一千五百八十三章|chương 1583:
第一千五百八十四章|chương 1584:
第一千五百八十五章|chương 1585:
第一千五百八十六章|chương 1586:
第一千五百八十七章|chương 1587:
第一千五百八十八章|chương 1588:
第一千五百八十九章|chương 1589:
第一千五百九十章|chương 1590:
第一千五百九十一章|chương 1591:
第一千五百九十二章|chương 1592:
第一千五百九十三章|chương 1593:
第一千五百九十四章|chương 1594:
第一千五百九十五章|chương 1595:
第一千五百九十六章|chương 1596:
第一千五百九十七章|chương 1597:
第一千五百九十八章|chương 1598:
第一千五百九十九章|chương 1599:
第一千六百章|chương 1600:
第一千六百零一章|chương 1601:
第一千六百零二章|chương 1602:
第一千六百零三章|chương 1603:
第一千六百零四章|chương 1604:
第一千六百零五章|chương 1605:
第一千六百零六章|chương 1606:
第一千六百零七章|chương 1607:
第一千六百零八章|chương 1608:
第一千六百零九章|chương 1609:
第一千六百一十章|chương 1610:
第一千六百一十一章|chương 1611:
第一千六百一十二章|chương 1612:
第一千六百一十三章|chương 1613:
第一千六百一十四章|chương 1614:
第一千六百一十五章|chương 1615:
第一千六百一十六章|chương 1616:
第一千六百一十七章|chương 1617:
第一千六百一十八章|chương 1618:
第一千六百一十九章|chương 1619:
第一千六百二十章|chương 1620:
第一千六百二十一章|chương 1621:
第一千六百二十二章|chương 1622:
第一千六百二十三章|chương 1623:
第一千六百二十四章|chương 1624:
第一千六百二十五章|chương 1625:
第一千六百二十六章|chương 1626:
第一千六百二十七章|chương 1627:
第一千六百二十八章|chương 1628:
第一千六百二十九章|chương 1629:
第一千六百三十章|chương 1630:
第一千六百三十一章|chương 1631:
第一千六百三十二章|chương 1632:
第一千六百三十三章|chương 1633:
第一千六百三十四章|chương 1634:
第一千六百三十五章|chương 1635:
第一千六百三十六章|chương 1636:
第一千六百三十七章|chương 1637:
第一千六百三十八章|chương 1638:
第一千六百三十九章|chương 1639:
第一千六百四十章|chương 1640:
第一千六百四十一章|chương 1641:
第一千六百四十二章|chương 1642:
第一千六百四十三章|chương 1643:
第一千六百四十四章|chương 1644:
第一千六百四十五章|chương 1645:
第一千六百四十六章|chương 1646:
第一千六百四十七章|chương 1647:
第一千六百四十八章|chương 1648:
第一千六百四十九章|chương 1649:
第一千六百五十章|chương 1650:
第一千六百五十一章|chương 1651:
第一千六百五十二章|chương 1652:
第一千六百五十三章|chương 1653:
第一千六百五十四章|chương 1654:
第一千六百五十五章|chương 1655:
第一千六百五十六章|chương 1656:
第一千六百五十七章|chương 1657:
第一千六百五十八章|chương 1658:
第一千六百五十九章|chương 1659:
第一千六百六十章|chương 1660:
第一千六百六十一章|chương 1661:
第一千六百六十二章|chương 1662:
第一千六百六十三章|chương 1663:
第一千六百六十四章|chương 1664:
第一千六百六十五章|chương 1665:
第一千六百六十六章|chương 1666:
第一千六百六十七章|chương 1667:
第一千六百六十八章|chương 1668:
第一千六百六十九章|chương 1669:
第一千六百七十章|chương 1670:
第一千六百七十一章|chương 1671:
第一千六百七十二章|chương 1672:
第一千六百七十三章|chương 1673:
第一千六百七十四章|chương 1674:
第一千六百七十五章|chương 1675:
第一千六百七十六章|chương 1676:
第一千六百七十七章|chương 1677:
第一千六百七十八章|chương 1678:
第一千六百七十九章|chương 1679:
第一千六百八十章|chương 1680:
第一千六百八十一章|chương 1681:
第一千六百八十二章|chương 1682:
第一千六百八十三章|chương 1683:
第一千六百八十四章|chương 1684:
第一千六百八十五章|chương 1685:
第一千六百八十六章|chương 1686:
第一千六百八十七章|chương 1687:
第一千六百八十八章|chương 1688:
第一千六百八十九章|chương 1689:
第一千六百九十章|chương 1690:
第一千六百九十一章|chương 1691:
第一千六百九十二章|chương 1692:
第一千六百九十三章|chương 1693:
第一千六百九十四章|chương 1694:
第一千六百九十五章|chương 1695:
第一千六百九十六章|chương 1696:
第一千六百九十七章|chương 1697:
第一千六百九十八章|chương 1698:
第一千六百九十九章|chương 1699:
第一千七百章|chương 1700:
第一千七百零一章|chương 1701:
第一千七百零二章|chương 1702:
第一千七百零三章|chương 1703:
第一千七百零四章|chương 1704:
第一千七百零五章|chương 1705:
第一千七百零六章|chương 1706:
第一千七百零七章|chương 1707:
第一千七百零八章|chương 1708:
第一千七百零九章|chương 1709:
第一千七百一十章|chương 1710:
第一千七百一十一章|chương 1711:
第一千七百一十二章|chương 1712:
第一千七百一十三章|chương 1713:
第一千七百一十四章|chương 1714:
第一千七百一十五章|chương 1715:
第一千七百一十六章|chương 1716:
第一千七百一十七章|chương 1717:
第一千七百一十八章|chương 1718:
第一千七百一十九章|chương 1719:
第一千七百二十章|chương 1720:
第一千七百二十一章|chương 1721:
第一千七百二十二章|chương 1722:
第一千七百二十三章|chương 1723:
第一千七百二十四章|chương 1724:
第一千七百二十五章|chương 1725:
第一千七百二十六章|chương 1726:
第一千七百二十七章|chương 1727:
第一千七百二十八章|chương 1728:
第一千七百二十九章|chương 1729:
第一千七百三十章|chương 1730:
第一千七百三十一章|chương 1731:
第一千七百三十二章|chương 1732:
第一千七百三十三章|chương 1733:
第一千七百三十四章|chương 1734:
第一千七百三十五章|chương 1735:
第一千七百三十六章|chương 1736:
第一千七百三十七章|chương 1737:
第一千七百三十八章|chương 1738:
第一千七百三十九章|chương 1739:
第一千七百四十章|chương 1740:
第一千七百四十一章|chương 1741:
第一千七百四十二章|chương 1742:
第一千七百四十三章|chương 1743:
第一千七百四十四章|chương 1744:
第一千七百四十五章|chương 1745:
第一千七百四十六章|chương 1746:
第一千七百四十七章|chương 1747:
第一千七百四十八章|chương 1748:
第一千七百四十九章|chương 1749:
第一千七百五十章|chương 1750:
第一千七百五十一章|chương 1751:
第一千七百五十二章|chương 1752:
第一千七百五十三章|chương 1753:
第一千七百五十四章|chương 1754:
第一千七百五十五章|chương 1755:
第一千七百五十六章|chương 1756:
第一千七百五十七章|chương 1757:
第一千七百五十八章|chương 1758:
第一千七百五十九章|chương 1759:
第一千七百六十章|chương 1760:
第一千七百六十一章|chương 1761:
第一千七百六十二章|chương 1762:
第一千七百六十三章|chương 1763:
第一千七百六十四章|chương 1764:
第一千七百六十五章|chương 1765:
第一千七百六十六章|chương 1766:
第一千七百六十七章|chương 1767:
第一千七百六十八章|chương 1768:
第一千七百六十九章|chương 1769:
第一千七百七十章|chương 1770:
第一千七百七十一章|chương 1771:
第一千七百七十二章|chương 1772:
第一千七百七十三章|chương 1773:
第一千七百七十四章|chương 1774:
第一千七百七十五章|chương 1775:
第一千七百七十六章|chương 1776:
第一千七百七十七章|chương 1777:
第一千七百七十八章|chương 1778:
第一千七百七十九章|chương 1779:
第一千七百八十章|chương 1780:
第一千七百八十一章|chương 1781:
第一千七百八十二章|chương 1782:
第一千七百八十三章|chương 1783:
第一千七百八十四章|chương 1784:
第一千七百八十五章|chương 1785:
第一千七百八十六章|chương 1786:
第一千七百八十七章|chương 1787:
第一千七百八十八章|chương 1788:
第一千七百八十九章|chương 1789:
第一千七百九十章|chương 1790:
第一千七百九十一章|chương 1791:
第一千七百九十二章|chương 1792:
第一千七百九十三章|chương 1793:
第一千七百九十四章|chương 1794:
第一千七百九十五章|chương 1795:
第一千七百九十六章|chương 1796:
第一千七百九十七章|chương 1797:
第一千七百九十八章|chương 1798:
第一千七百九十九章|chương 1799:
第一千八百章|chương 1800:
第一千八百零一章|chương 1801:
第一千八百零二章|chương 1802:
第一千八百零三章|chương 1803:
第一千八百零四章|chương 1804:
第一千八百零五章|chương 1805:
第一千八百零六章|chương 1806:
第一千八百零七章|chương 1807:
第一千八百零八章|chương 1808:
第一千八百零九章|chương 1809:
第一千八百一十章|chương 1810:
第一千八百一十一章|chương 1811:
第一千八百一十二章|chương 1812:
第一千八百一十三章|chương 1813:
第一千八百一十四章|chương 1814:
第一千八百一十五章|chương 1815:
第一千八百一十六章|chương 1816:
第一千八百一十七章|chương 1817:
第一千八百一十八章|chương 1818:
第一千八百一十九章|chương 1819:
第一千八百二十章|chương 1820:
第一千八百二十一章|chương 1821:
第一千八百二十二章|chương 1822:
第一千八百二十三章|chương 1823:
第一千八百二十四章|chương 1824:
第一千八百二十五章|chương 1825:
第一千八百二十六章|chương 1826:
第一千八百二十七章|chương 1827:
第一千八百二十八章|chương 1828:
第一千八百二十九章|chương 1829:
第一千八百三十章|chương 1830:
第一千八百三十一章|chương 1831:
第一千八百三十二章|chương 1832:
第一千八百三十三章|chương 1833:
第一千八百三十四章|chương 1834:
第一千八百三十五章|chương 1835:
第一千八百三十六章|chương 1836:
第一千八百三十七章|chương 1837:
第一千八百三十八章|chương 1838:
第一千八百三十九章|chương 1839:
第一千八百四十章|chương 1840:
第一千八百四十一章|chương 1841:
第一千八百四十二章|chương 1842:
第一千八百四十三章|chương 1843:
第一千八百四十四章|chương 1844:
第一千八百四十五章|chương 1845:
第一千八百四十六章|chương 1846:
第一千八百四十七章|chương 1847:
第一千八百四十八章|chương 1848:
第一千八百四十九章|chương 1849:
第一千八百五十章|chương 1850:
第一千八百五十一章|chương 1851:
第一千八百五十二章|chương 1852:
第一千八百五十三章|chương 1853:
第一千八百五十四章|chương 1854:
第一千八百五十五章|chương 1855:
第一千八百五十六章|chương 1856:
第一千八百五十七章|chương 1857:
第一千八百五十八章|chương 1858:
第一千八百五十九章|chương 1859:
第一千八百六十章|chương 1860:
第一千八百六十一章|chương 1861:
第一千八百六十二章|chương 1862:
第一千八百六十三章|chương 1863:
第一千八百六十四章|chương 1864:
第一千八百六十五章|chương 1865:
第一千八百六十六章|chương 1866:
第一千八百六十七章|chương 1867:
第一千八百六十八章|chương 1868:
第一千八百六十九章|chương 1869:
第一千八百七十章|chương 1870:
第一千八百七十一章|chương 1871:
第一千八百七十二章|chương 1872:
第一千八百七十三章|chương 1873:
第一千八百七十四章|chương 1874:
第一千八百七十五章|chương 1875:
第一千八百七十六章|chương 1876:
第一千八百七十七章|chương 1877:
第一千八百七十八章|chương 1878:
第一千八百七十九章|chương 1879:
第一千八百八十章|chương 1880:
第一千八百八十一章|chương 1881:
第一千八百八十二章|chương 1882:
第一千八百八十三章|chương 1883:
第一千八百八十四章|chương 1884:
第一千八百八十五章|chương 1885:
第一千八百八十六章|chương 1886:
第一千八百八十七章|chương 1887:
第一千八百八十八章|chương 1888:
第一千八百八十九章|chương 1889:
第一千八百九十章|chương 1890:
第一千八百九十一章|chương 1891:
第一千八百九十二章|chương 1892:
第一千八百九十三章|chương 1893:
第一千八百九十四章|chương 1894:
第一千八百九十五章|chương 1895:
第一千八百九十六章|chương 1896:
第一千八百九十七章|chương 1897:
第一千八百九十八章|chương 1898:
第一千八百九十九章|chương 1899:
第一千九百章|chương 1900:
第一千九百零一章|chương 1901:
第一千九百零二章|chương 1902:
第一千九百零三章|chương 1903:
第一千九百零四章|chương 1904:
第一千九百零五章|chương 1905:
第一千九百零六章|chương 1906:
第一千九百零七章|chương 1907:
第一千九百零八章|chương 1908:
第一千九百零九章|chương 1909:
第一千九百一十章|chương 1910:
第一千九百一十一章|chương 1911:
第一千九百一十二章|chương 1912:
第一千九百一十三章|chương 1913:
第一千九百一十四章|chương 1914:
第一千九百一十五章|chương 1915:
第一千九百一十六章|chương 1916:
第一千九百一十七章|chương 1917:
第一千九百一十八章|chương 1918:
第一千九百一十九章|chương 1919:
第一千九百二十章|chương 1920:
第一千九百二十一章|chương 1921:
第一千九百二十二章|chương 1922:
第一千九百二十三章|chương 1923:
第一千九百二十四章|chương 1924:
第一千九百二十五章|chương 1925:
第一千九百二十六章|chương 1926:
第一千九百二十七章|chương 1927:
第一千九百二十八章|chương 1928:
第一千九百二十九章|chương 1929:
第一千九百三十章|chương 1930:
第一千九百三十一章|chương 1931:
第一千九百三十二章|chương 1932:
第一千九百三十三章|chương 1933:
第一千九百三十四章|chương 1934:
第一千九百三十五章|chương 1935:
第一千九百三十六章|chương 1936:
第一千九百三十七章|chương 1937:
第一千九百三十八章|chương 1938:
第一千九百三十九章|chương 1939:
第一千九百四十章|chương 1940:
第一千九百四十一章|chương 1941:
第一千九百四十二章|chương 1942:
第一千九百四十三章|chương 1943:
第一千九百四十四章|chương 1944:
第一千九百四十五章|chương 1945:
第一千九百四十六章|chương 1946:
第一千九百四十七章|chương 1947:
第一千九百四十八章|chương 1948:
第一千九百四十九章|chương 1949:
第一千九百五十章|chương 1950:
第一千九百五十一章|chương 1951:
第一千九百五十二章|chương 1952:
第一千九百五十三章|chương 1953:
第一千九百五十四章|chương 1954:
第一千九百五十五章|chương 1955:
第一千九百五十六章|chương 1956:
第一千九百五十七章|chương 1957:
第一千九百五十八章|chương 1958:
第一千九百五十九章|chương 1959:
第一千九百六十章|chương 1960:
第一千九百六十一章|chương 1961:
第一千九百六十二章|chương 1962:
第一千九百六十三章|chương 1963:
第一千九百六十四章|chương 1964:
第一千九百六十五章|chương 1965:
第一千九百六十六章|chương 1966:
第一千九百六十七章|chương 1967:
第一千九百六十八章|chương 1968:
第一千九百六十九章|chương 1969:
第一千九百七十章|chương 1970:
第一千九百七十一章|chương 1971:
第一千九百七十二章|chương 1972:
第一千九百七十三章|chương 1973:
第一千九百七十四章|chương 1974:
第一千九百七十五章|chương 1975:
第一千九百七十六章|chương 1976:
第一千九百七十七章|chương 1977:
第一千九百七十八章|chương 1978:
第一千九百七十九章|chương 1979:
第一千九百八十章|chương 1980:
第一千九百八十一章|chương 1981:
第一千九百八十二章|chương 1982:
第一千九百八十三章|chương 1983:
第一千九百八十四章|chương 1984:
第一千九百八十五章|chương 1985:
第一千九百八十六章|chương 1986:
第一千九百八十七章|chương 1987:
第一千九百八十八章|chương 1988:
第一千九百八十九章|chương 1989:
第一千九百九十章|chương 1990:
第一千九百九十一章|chương 1991:
第一千九百九十二章|chương 1992:
第一千九百九十三章|chương 1993:
第一千九百九十四章|chương 1994:
第一千九百九十五章|chương 1995:
第一千九百九十六章|chương 1996:
第一千九百九十七章|chương 1997:
第一千九百九十八章|chương 1998:
第一千九百九十九章|chương 1999:
第二千章|chương 2000:
第二千零一章|chương 2001:
第二千零二章|chương 2002:
第二千零三章|chương 2003:
第二千零四章|chương 2004:
第二千零五章|chương 2005:
第二千零六章|chương 2006:
第二千零七章|chương 2007:
第二千零八章|chương 2008:
第二千零九章|chương 2009:
第二千零一十章|chương 2010:
第二千零一十一章|chương 2011:
第二千零一十二章|chương 2012:
第二千零一十三章|chương 2013:
第二千零一十四章|chương 2014:
第二千零一十五章|chương 2015:
第二千零一十六章|chương 2016:
第二千零一十七章|chương 2017:
第二千零一十八章|chương 2018:
第二千零一十九章|chương 2019:
第二千零二十章|chương 2020:
第二千零二十一章|chương 2021:
第二千零二十二章|chương 2022:
第二千零二十三章|chương 2023:
第二千零二十四章|chương 2024:
第二千零二十五章|chương 2025:
第二千零二十六章|chương 2026:
第二千零二十七章|chương 2027:
第二千零二十八章|chương 2028:
第二千零二十九章|chương 2029:
第二千零三十章|chương 2030:
第二千零三十一章|chương 2031:
第二千零三十二章|chương 2032:
第二千零三十三章|chương 2033:
第二千零三十四章|chương 2034:
第二千零三十五章|chương 2035:
第二千零三十六章|chương 2036:
第二千零三十七章|chương 2037:
第二千零三十八章|chương 2038:
第二千零三十九章|chương 2039:
第二千零四十章|chương 2040:
第二千零四十一章|chương 2041:
第二千零四十二章|chương 2042:
第二千零四十三章|chương 2043:
第二千零四十四章|chương 2044:
第二千零四十五章|chương 2045:
第二千零四十六章|chương 2046:
第二千零四十七章|chương 2047:
第二千零四十八章|chương 2048:
第二千零四十九章|chương 2049:
第二千零五十章|chương 2050:
第二千零五十一章|chương 2051:
第二千零五十二章|chương 2052:
第二千零五十三章|chương 2053:
第二千零五十四章|chương 2054:
第二千零五十五章|chương 2055:
第二千零五十六章|chương 2056:
第二千零五十七章|chương 2057:
第二千零五十八章|chương 2058:
第二千零五十九章|chương 2059:
第二千零六十章|chương 2060:
第二千零六十一章|chương 2061:
第二千零六十二章|chương 2062:
第二千零六十三章|chương 2063:
第二千零六十四章|chương 2064:
第二千零六十五章|chương 2065:
第二千零六十六章|chương 2066:
第二千零六十七章|chương 2067:
第二千零六十八章|chương 2068:
第二千零六十九章|chương 2069:
第二千零七十章|chương 2070:
第二千零七十一章|chương 2071:
第二千零七十二章|chương 2072:
第二千零七十三章|chương 2073:
第二千零七十四章|chương 2074:
第二千零七十五章|chương 2075:
第二千零七十六章|chương 2076:
第二千零七十七章|chương 2077:
第二千零七十八章|chương 2078:
第二千零七十九章|chương 2079:
第二千零八十章|chương 2080:
第二千零八十一章|chương 2081:
第二千零八十二章|chương 2082:
第二千零八十三章|chương 2083:
第二千零八十四章|chương 2084:
第二千零八十五章|chương 2085:
第二千零八十六章|chương 2086:
第二千零八十七章|chương 2087:
第二千零八十八章|chương 2088:
第二千零八十九章|chương 2089:
第二千零九十章|chương 2090:
第二千零九十一章|chương 2091:
第二千零九十二章|chương 2092:
第二千零九十三章|chương 2093:
第二千零九十四章|chương 2094:
第二千零九十五章|chương 2095:
第二千零九十六章|chương 2096:
第二千零九十七章|chương 2097:
第二千零九十八章|chương 2098:
第二千零九十九章|chương 2099:
第二千一百章|chương 2100:
第二千一百零一章|chương 2101:
第二千一百零二章|chương 2102:
第二千一百零三章|chương 2103:
第二千一百零四章|chương 2104:
第二千一百零五章|chương 2105:
第二千一百零六章|chương 2106:
第二千一百零七章|chương 2107:
第二千一百零八章|chương 2108:
第二千一百零九章|chương 2109:
第二千一百一十章|chương 2110:
第二千一百一十一章|chương 2111:
第二千一百一十二章|chương 2112:
第二千一百一十三章|chương 2113:
第二千一百一十四章|chương 2114:
第二千一百一十五章|chương 2115:
第二千一百一十六章|chương 2116:
第二千一百一十七章|chương 2117:
第二千一百一十八章|chương 2118:
第二千一百一十九章|chương 2119:
第二千一百二十章|chương 2120:
第二千一百二十一章|chương 2121:
第二千一百二十二章|chương 2122:
第二千一百二十三章|chương 2123:
第二千一百二十四章|chương 2124:
第二千一百二十五章|chương 2125:
第二千一百二十六章|chương 2126:
第二千一百二十七章|chương 2127:
第二千一百二十八章|chương 2128:
第二千一百二十九章|chương 2129:
第二千一百三十章|chương 2130:
第二千一百三十一章|chương 2131:
第二千一百三十二章|chương 2132:
第二千一百三十三章|chương 2133:
第二千一百三十四章|chương 2134:
第二千一百三十五章|chương 2135:
第二千一百三十六章|chương 2136:
第二千一百三十七章|chương 2137:
第二千一百三十八章|chương 2138:
第二千一百三十九章|chương 2139:
第二千一百四十章|chương 2140:
第二千一百四十一章|chương 2141:
第二千一百四十二章|chương 2142:
第二千一百四十三章|chương 2143:
第二千一百四十四章|chương 2144:
第二千一百四十五章|chương 2145:
第二千一百四十六章|chương 2146:
第二千一百四十七章|chương 2147:
第二千一百四十八章|chương 2148:
第二千一百四十九章|chương 2149:
第二千一百五十章|chương 2150:
第二千一百五十一章|chương 2151:
第二千一百五十二章|chương 2152:
第二千一百五十三章|chương 2153:
第二千一百五十四章|chương 2154:
第二千一百五十五章|chương 2155:
第二千一百五十六章|chương 2156:
第二千一百五十七章|chương 2157:
第二千一百五十八章|chương 2158:
第二千一百五十九章|chương 2159:
第二千一百六十章|chương 2160:
第二千一百六十一章|chương 2161:
第二千一百六十二章|chương 2162:
第二千一百六十三章|chương 2163:
第二千一百六十四章|chương 2164:
第二千一百六十五章|chương 2165:
第二千一百六十六章|chương 2166:
第二千一百六十七章|chương 2167:
第二千一百六十八章|chương 2168:
第二千一百六十九章|chương 2169:
第二千一百七十章|chương 2170:
第二千一百七十一章|chương 2171:
第二千一百七十二章|chương 2172:
第二千一百七十三章|chương 2173:
第二千一百七十四章|chương 2174:
第二千一百七十五章|chương 2175:
第二千一百七十六章|chương 2176:
第二千一百七十七章|chương 2177:
第二千一百七十八章|chương 2178:
第二千一百七十九章|chương 2179:
第二千一百八十章|chương 2180:
第二千一百八十一章|chương 2181:
第二千一百八十二章|chương 2182:
第二千一百八十三章|chương 2183:
第二千一百八十四章|chương 2184:
第二千一百八十五章|chương 2185:
第二千一百八十六章|chương 2186:
第二千一百八十七章|chương 2187:
第二千一百八十八章|chương 2188:
第二千一百八十九章|chương 2189:
第二千一百九十章|chương 2190:
第二千一百九十一章|chương 2191:
第二千一百九十二章|chương 2192:
第二千一百九十三章|chương 2193:
第二千一百九十四章|chương 2194:
第二千一百九十五章|chương 2195:
第二千一百九十六章|chương 2196:
第二千一百九十七章|chương 2197:
第二千一百九十八章|chương 2198:
第二千一百九十九章|chương 2199:
第二千二百章|chương 2200:
第二千二百零一章|chương 2201:
第二千二百零二章|chương 2202:
第二千二百零三章|chương 2203:
第二千二百零四章|chương 2204:
第二千二百零五章|chương 2205:
第二千二百零六章|chương 2206:
第二千二百零七章|chương 2207:
第二千二百零八章|chương 2208:
第二千二百零九章|chương 2209:
第二千二百一十章|chương 2210:
第二千二百一十一章|chương 2211:
第二千二百一十二章|chương 2212:
第二千二百一十三章|chương 2213:
第二千二百一十四章|chương 2214:
第二千二百一十五章|chương 2215:
第二千二百一十六章|chương 2216:
第二千二百一十七章|chương 2217:
第二千二百一十八章|chương 2218:
第二千二百一十九章|chương 2219:
第二千二百二十章|chương 2220:
第二千二百二十一章|chương 2221:
第二千二百二十二章|chương 2222:
第二千二百二十三章|chương 2223:
第二千二百二十四章|chương 2224:
第二千二百二十五章|chương 2225:
第二千二百二十六章|chương 2226:
第二千二百二十七章|chương 2227:
第二千二百二十八章|chương 2228:
第二千二百二十九章|chương 2229:
第二千二百三十章|chương 2230:
第二千二百三十一章|chương 2231:
第二千二百三十二章|chương 2232:
第二千二百三十三章|chương 2233:
第二千二百三十四章|chương 2234:
第二千二百三十五章|chương 2235:
第二千二百三十六章|chương 2236:
第二千二百三十七章|chương 2237:
第二千二百三十八章|chương 2238:
第二千二百三十九章|chương 2239:
第二千二百四十章|chương 2240:
第二千二百四十一章|chương 2241:
第二千二百四十二章|chương 2242:
第二千二百四十三章|chương 2243:
第二千二百四十四章|chương 2244:
第二千二百四十五章|chương 2245:
第二千二百四十六章|chương 2246:
第二千二百四十七章|chương 2247:
第二千二百四十八章|chương 2248:
第二千二百四十九章|chương 2249:
第二千二百五十章|chương 2250:
第二千二百五十一章|chương 2251:
第二千二百五十二章|chương 2252:
第二千二百五十三章|chương 2253:
第二千二百五十四章|chương 2254:
第二千二百五十五章|chương 2255:
第二千二百五十六章|chương 2256:
第二千二百五十七章|chương 2257:
第二千二百五十八章|chương 2258:
第二千二百五十九章|chương 2259:
第二千二百六十章|chương 2260:
第二千二百六十一章|chương 2261:
第二千二百六十二章|chương 2262:
第二千二百六十三章|chương 2263:
第二千二百六十四章|chương 2264:
第二千二百六十五章|chương 2265:
第二千二百六十六章|chương 2266:
第二千二百六十七章|chương 2267:
第二千二百六十八章|chương 2268:
第二千二百六十九章|chương 2269:
第二千二百七十章|chương 2270:
第二千二百七十一章|chương 2271:
第二千二百七十二章|chương 2272:
第二千二百七十三章|chương 2273:
第二千二百七十四章|chương 2274:
第二千二百七十五章|chương 2275:
第二千二百七十六章|chương 2276:
第二千二百七十七章|chương 2277:
第二千二百七十八章|chương 2278:
第二千二百七十九章|chương 2279:
第二千二百八十章|chương 2280:
第二千二百八十一章|chương 2281:
第二千二百八十二章|chương 2282:
第二千二百八十三章|chương 2283:
第二千二百八十四章|chương 2284:
第二千二百八十五章|chương 2285:
第二千二百八十六章|chương 2286:
第二千二百八十七章|chương 2287:
第二千二百八十八章|chương 2288:
第二千二百八十九章|chương 2289:
第二千二百九十章|chương 2290:
第二千二百九十一章|chương 2291:
第二千二百九十二章|chương 2292:
第二千二百九十三章|chương 2293:
第二千二百九十四章|chương 2294:
第二千二百九十五章|chương 2295:
第二千二百九十六章|chương 2296:
第二千二百九十七章|chương 2297:
第二千二百九十八章|chương 2298:
第二千二百九十九章|chương 2299:
第二千三百章|chương 2300:
第二千三百零一章|chương 2301:
第二千三百零二章|chương 2302:
第二千三百零三章|chương 2303:
第二千三百零四章|chương 2304:
第二千三百零五章|chương 2305:
第二千三百零六章|chương 2306:
第二千三百零七章|chương 2307:
第二千三百零八章|chương 2308:
第二千三百零九章|chương 2309:
第二千三百一十章|chương 2310:
第二千三百一十一章|chương 2311:
第二千三百一十二章|chương 2312:
第二千三百一十三章|chương 2313:
第二千三百一十四章|chương 2314:
第二千三百一十五章|chương 2315:
第二千三百一十六章|chương 2316:
第二千三百一十七章|chương 2317:
第二千三百一十八章|chương 2318:
第二千三百一十九章|chương 2319:
第二千三百二十章|chương 2320:
第二千三百二十一章|chương 2321:
第二千三百二十二章|chương 2322:
第二千三百二十三章|chương 2323:
第二千三百二十四章|chương 2324:
第二千三百二十五章|chương 2325:
第二千三百二十六章|chương 2326:
第二千三百二十七章|chương 2327:
第二千三百二十八章|chương 2328:
第二千三百二十九章|chương 2329:
第二千三百三十章|chương 2330:
第二千三百三十一章|chương 2331:
第二千三百三十二章|chương 2332:
第二千三百三十三章|chương 2333:
第二千三百三十四章|chương 2334:
第二千三百三十五章|chương 2335:
第二千三百三十六章|chương 2336:
第二千三百三十七章|chương 2337:
第二千三百三十八章|chương 2338:
第二千三百三十九章|chương 2339:
第二千三百四十章|chương 2340:
第二千三百四十一章|chương 2341:
第二千三百四十二章|chương 2342:
第二千三百四十三章|chương 2343:
第二千三百四十四章|chương 2344:
第二千三百四十五章|chương 2345:
第二千三百四十六章|chương 2346:
第二千三百四十七章|chương 2347:
第二千三百四十八章|chương 2348:
第二千三百四十九章|chương 2349:
第二千三百五十章|chương 2350:
第二千三百五十一章|chương 2351:
第二千三百五十二章|chương 2352:
第二千三百五十三章|chương 2353:
第二千三百五十四章|chương 2354:
第二千三百五十五章|chương 2355:
第二千三百五十六章|chương 2356:
第二千三百五十七章|chương 2357:
第二千三百五十八章|chương 2358:
第二千三百五十九章|chương 2359:
第二千三百六十章|chương 2360:
第二千三百六十一章|chương 2361:
第二千三百六十二章|chương 2362:
第二千三百六十三章|chương 2363:
第二千三百六十四章|chương 2364:
第二千三百六十五章|chương 2365:
第二千三百六十六章|chương 2366:
第二千三百六十七章|chương 2367:
第二千三百六十八章|chương 2368:
第二千三百六十九章|chương 2369:
第二千三百七十章|chương 2370:
第二千三百七十一章|chương 2371:
第二千三百七十二章|chương 2372:
第二千三百七十三章|chương 2373:
第二千三百七十四章|chương 2374:
第二千三百七十五章|chương 2375:
第二千三百七十六章|chương 2376:
第二千三百七十七章|chương 2377:
第二千三百七十八章|chương 2378:
第二千三百七十九章|chương 2379:
第二千三百八十章|chương 2380:
第二千三百八十一章|chương 2381:
第二千三百八十二章|chương 2382:
第二千三百八十三章|chương 2383:
第二千三百八十四章|chương 2384:
第二千三百八十五章|chương 2385:
第二千三百八十六章|chương 2386:
第二千三百八十七章|chương 2387:
第二千三百八十八章|chương 2388:
第二千三百八十九章|chương 2389:
第二千三百九十章|chương 2390:
第二千三百九十一章|chương 2391:
第二千三百九十二章|chương 2392:
第二千三百九十三章|chương 2393:
第二千三百九十四章|chương 2394:
第二千三百九十五章|chương 2395:
第二千三百九十六章|chương 2396:
第二千三百九十七章|chương 2397:
第二千三百九十八章|chương 2398:
第二千三百九十九章|chương 2399:
第二千四百章|chương 2400:
第二千四百零一章|chương 2401:
第二千四百零二章|chương 2402:
第二千四百零三章|chương 2403:
第二千四百零四章|chương 2404:
第二千四百零五章|chương 2405:
第二千四百零六章|chương 2406:
第二千四百零七章|chương 2407:
第二千四百零八章|chương 2408:
第二千四百零九章|chương 2409:
第二千四百一十章|chương 2410:
第二千四百一十一章|chương 2411:
第二千四百一十二章|chương 2412:
第二千四百一十三章|chương 2413:
第二千四百一十四章|chương 2414:
第二千四百一十五章|chương 2415:
第二千四百一十六章|chương 2416:
第二千四百一十七章|chương 2417:
第二千四百一十八章|chương 2418:
第二千四百一十九章|chương 2419:
第二千四百二十章|chương 2420:
第二千四百二十一章|chương 2421:
第二千四百二十二章|chương 2422:
第二千四百二十三章|chương 2423:
第二千四百二十四章|chương 2424:
第二千四百二十五章|chương 2425:
第二千四百二十六章|chương 2426:
第二千四百二十七章|chương 2427:
第二千四百二十八章|chương 2428:
第二千四百二十九章|chương 2429:
第二千四百三十章|chương 2430:
第二千四百三十一章|chương 2431:
第二千四百三十二章|chương 2432:
第二千四百三十三章|chương 2433:
第二千四百三十四章|chương 2434:
第二千四百三十五章|chương 2435:
第二千四百三十六章|chương 2436:
第二千四百三十七章|chương 2437:
第二千四百三十八章|chương 2438:
第二千四百三十九章|chương 2439:
第二千四百四十章|chương 2440:
第二千四百四十一章|chương 2441:
第二千四百四十二章|chương 2442:
第二千四百四十三章|chương 2443:
第二千四百四十四章|chương 2444:
第二千四百四十五章|chương 2445:
第二千四百四十六章|chương 2446:
第二千四百四十七章|chương 2447:
第二千四百四十八章|chương 2448:
第二千四百四十九章|chương 2449:
第二千四百五十章|chương 2450:
第二千四百五十一章|chương 2451:
第二千四百五十二章|chương 2452:
第二千四百五十三章|chương 2453:
第二千四百五十四章|chương 2454:
第二千四百五十五章|chương 2455:
第二千四百五十六章|chương 2456:
第二千四百五十七章|chương 2457:
第二千四百五十八章|chương 2458:
第二千四百五十九章|chương 2459:
第二千四百六十章|chương 2460:
第二千四百六十一章|chương 2461:
第二千四百六十二章|chương 2462:
第二千四百六十三章|chương 2463:
第二千四百六十四章|chương 2464:
第二千四百六十五章|chương 2465:
第二千四百六十六章|chương 2466:
第二千四百六十七章|chương 2467:
第二千四百六十八章|chương 2468:
第二千四百六十九章|chương 2469:
第二千四百七十章|chương 2470:
第二千四百七十一章|chương 2471:
第二千四百七十二章|chương 2472:
第二千四百七十三章|chương 2473:
第二千四百七十四章|chương 2474:
第二千四百七十五章|chương 2475:
第二千四百七十六章|chương 2476:
第二千四百七十七章|chương 2477:
第二千四百七十八章|chương 2478:
第二千四百七十九章|chương 2479:
第二千四百八十章|chương 2480:
第二千四百八十一章|chương 2481:
第二千四百八十二章|chương 2482:
第二千四百八十三章|chương 2483:
第二千四百八十四章|chương 2484:
第二千四百八十五章|chương 2485:
第二千四百八十六章|chương 2486:
第二千四百八十七章|chương 2487:
第二千四百八十八章|chương 2488:
第二千四百八十九章|chương 2489:
第二千四百九十章|chương 2490:
第二千四百九十一章|chương 2491:
第二千四百九十二章|chương 2492:
第二千四百九十三章|chương 2493:
第二千四百九十四章|chương 2494:
第二千四百九十五章|chương 2495:
第二千四百九十六章|chương 2496:
第二千四百九十七章|chương 2497:
第二千四百九十八章|chương 2498:
第二千四百九十九章|chương 2499:
第二千五百章|chương 2500:
第二千五百零一章|chương 2501:
第二千五百零二章|chương 2502:
第二千五百零三章|chương 2503:
第二千五百零四章|chương 2504:
第二千五百零五章|chương 2505:
第二千五百零六章|chương 2506:
第二千五百零七章|chương 2507:
第二千五百零八章|chương 2508:
第二千五百零九章|chương 2509:
第二千五百一十章|chương 2510:
第二千五百一十一章|chương 2511:
第二千五百一十二章|chương 2512:
第二千五百一十三章|chương 2513:
第二千五百一十四章|chương 2514:
第二千五百一十五章|chương 2515:
第二千五百一十六章|chương 2516:
第二千五百一十七章|chương 2517:
第二千五百一十八章|chương 2518:
第二千五百一十九章|chương 2519:
第二千五百二十章|chương 2520:
第二千五百二十一章|chương 2521:
第二千五百二十二章|chương 2522:
第二千五百二十三章|chương 2523:
第二千五百二十四章|chương 2524:
第二千五百二十五章|chương 2525:
第二千五百二十六章|chương 2526:
第二千五百二十七章|chương 2527:
第二千五百二十八章|chương 2528:
第二千五百二十九章|chương 2529:
第二千五百三十章|chương 2530:
第二千五百三十一章|chương 2531:
第二千五百三十二章|chương 2532:
第二千五百三十三章|chương 2533:
第二千五百三十四章|chương 2534:
第二千五百三十五章|chương 2535:
第二千五百三十六章|chương 2536:
第二千五百三十七章|chương 2537:
第二千五百三十八章|chương 2538:
第二千五百三十九章|chương 2539:
第二千五百四十章|chương 2540:
第二千五百四十一章|chương 2541:
第二千五百四十二章|chương 2542:
第二千五百四十三章|chương 2543:
第二千五百四十四章|chương 2544:
第二千五百四十五章|chương 2545:
第二千五百四十六章|chương 2546:
第二千五百四十七章|chương 2547:
第二千五百四十八章|chương 2548:
第二千五百四十九章|chương 2549:
第二千五百五十章|chương 2550:
第二千五百五十一章|chương 2551:
第二千五百五十二章|chương 2552:
第二千五百五十三章|chương 2553:
第二千五百五十四章|chương 2554:
第二千五百五十五章|chương 2555:
第二千五百五十六章|chương 2556:
第二千五百五十七章|chương 2557:
第二千五百五十八章|chương 2558:
第二千五百五十九章|chương 2559:
第二千五百六十章|chương 2560:
第二千五百六十一章|chương 2561:
第二千五百六十二章|chương 2562:
第二千五百六十三章|chương 2563:
第二千五百六十四章|chương 2564:
第二千五百六十五章|chương 2565:
第二千五百六十六章|chương 2566:
第二千五百六十七章|chương 2567:
第二千五百六十八章|chương 2568:
第二千五百六十九章|chương 2569:
第二千五百七十章|chương 2570:
第二千五百七十一章|chương 2571:
第二千五百七十二章|chương 2572:
第二千五百七十三章|chương 2573:
第二千五百七十四章|chương 2574:
第二千五百七十五章|chương 2575:
第二千五百七十六章|chương 2576:
第二千五百七十七章|chương 2577:
第二千五百七十八章|chương 2578:
第二千五百七十九章|chương 2579:
第二千五百八十章|chương 2580:
第二千五百八十一章|chương 2581:
第二千五百八十二章|chương 2582:
第二千五百八十三章|chương 2583:
第二千五百八十四章|chương 2584:
第二千五百八十五章|chương 2585:
第二千五百八十六章|chương 2586:
第二千五百八十七章|chương 2587:
第二千五百八十八章|chương 2588:
第二千五百八十九章|chương 2589:
第二千五百九十章|chương 2590:
第二千五百九十一章|chương 2591:
第二千五百九十二章|chương 2592:
第二千五百九十三章|chương 2593:
第二千五百九十四章|chương 2594:
第二千五百九十五章|chương 2595:
第二千五百九十六章|chương 2596:
第二千五百九十七章|chương 2597:
第二千五百九十八章|chương 2598:
第二千五百九十九章|chương 2599:
第二千六百章|chương 2600:
第二千六百零一章|chương 2601:
第二千六百零二章|chương 2602:
第二千六百零三章|chương 2603:
第二千六百零四章|chương 2604:
第二千六百零五章|chương 2605:
第二千六百零六章|chương 2606:
第二千六百零七章|chương 2607:
第二千六百零八章|chương 2608:
第二千六百零九章|chương 2609:
第二千六百一十章|chương 2610:
第二千六百一十一章|chương 2611:
第二千六百一十二章|chương 2612:
第二千六百一十三章|chương 2613:
第二千六百一十四章|chương 2614:
第二千六百一十五章|chương 2615:
第二千六百一十六章|chương 2616:
第二千六百一十七章|chương 2617:
第二千六百一十八章|chương 2618:
第二千六百一十九章|chương 2619:
第二千六百二十章|chương 2620:
第二千六百二十一章|chương 2621:
第二千六百二十二章|chương 2622:
第二千六百二十三章|chương 2623:
第二千六百二十四章|chương 2624:
第二千六百二十五章|chương 2625:
第二千六百二十六章|chương 2626:
第二千六百二十七章|chương 2627:
第二千六百二十八章|chương 2628:
第二千六百二十九章|chương 2629:
第二千六百三十章|chương 2630:
第二千六百三十一章|chương 2631:
第二千六百三十二章|chương 2632:
第二千六百三十三章|chương 2633:
第二千六百三十四章|chương 2634:
第二千六百三十五章|chương 2635:
第二千六百三十六章|chương 2636:
第二千六百三十七章|chương 2637:
第二千六百三十八章|chương 2638:
第二千六百三十九章|chương 2639:
第二千六百四十章|chương 2640:
第二千六百四十一章|chương 2641:
第二千六百四十二章|chương 2642:
第二千六百四十三章|chương 2643:
第二千六百四十四章|chương 2644:
第二千六百四十五章|chương 2645:
第二千六百四十六章|chương 2646:
第二千六百四十七章|chương 2647:
第二千六百四十八章|chương 2648:
第二千六百四十九章|chương 2649:
第二千六百五十章|chương 2650:
第二千六百五十一章|chương 2651:
第二千六百五十二章|chương 2652:
第二千六百五十三章|chương 2653:
第二千六百五十四章|chương 2654:
第二千六百五十五章|chương 2655:
第二千六百五十六章|chương 2656:
第二千六百五十七章|chương 2657:
第二千六百五十八章|chương 2658:
第二千六百五十九章|chương 2659:
第二千六百六十章|chương 2660:
第二千六百六十一章|chương 2661:
第二千六百六十二章|chương 2662:
第二千六百六十三章|chương 2663:
第二千六百六十四章|chương 2664:
第二千六百六十五章|chương 2665:
第二千六百六十六章|chương 2666:
第二千六百六十七章|chương 2667:
第二千六百六十八章|chương 2668:
第二千六百六十九章|chương 2669:
第二千六百七十章|chương 2670:
第二千六百七十一章|chương 2671:
第二千六百七十二章|chương 2672:
第二千六百七十三章|chương 2673:
第二千六百七十四章|chương 2674:
第二千六百七十五章|chương 2675:
第二千六百七十六章|chương 2676:
第二千六百七十七章|chương 2677:
第二千六百七十八章|chương 2678:
第二千六百七十九章|chương 2679:
第二千六百八十章|chương 2680:
第二千六百八十一章|chương 2681:
第二千六百八十二章|chương 2682:
第二千六百八十三章|chương 2683:
第二千六百八十四章|chương 2684:
第二千六百八十五章|chương 2685:
第二千六百八十六章|chương 2686:
第二千六百八十七章|chương 2687:
第二千六百八十八章|chương 2688:
第二千六百八十九章|chương 2689:
第二千六百九十章|chương 2690:
第二千六百九十一章|chương 2691:
第二千六百九十二章|chương 2692:
第二千六百九十三章|chương 2693:
第二千六百九十四章|chương 2694:
第二千六百九十五章|chương 2695:
第二千六百九十六章|chương 2696:
第二千六百九十七章|chương 2697:
第二千六百九十八章|chương 2698:
第二千六百九十九章|chương 2699:
第二千七百章|chương 2700:
第二千七百零一章|chương 2701:
第二千七百零二章|chương 2702:
第二千七百零三章|chương 2703:
第二千七百零四章|chương 2704:
第二千七百零五章|chương 2705:
第二千七百零六章|chương 2706:
第二千七百零七章|chương 2707:
第二千七百零八章|chương 2708:
第二千七百零九章|chương 2709:
第二千七百一十章|chương 2710:
第二千七百一十一章|chương 2711:
第二千七百一十二章|chương 2712:
第二千七百一十三章|chương 2713:
第二千七百一十四章|chương 2714:
第二千七百一十五章|chương 2715:
第二千七百一十六章|chương 2716:
第二千七百一十七章|chương 2717:
第二千七百一十八章|chương 2718:
第二千七百一十九章|chương 2719:
第二千七百二十章|chương 2720:
第二千七百二十一章|chương 2721:
第二千七百二十二章|chương 2722:
第二千七百二十三章|chương 2723:
第二千七百二十四章|chương 2724:
第二千七百二十五章|chương 2725:
第二千七百二十六章|chương 2726:
第二千七百二十七章|chương 2727:
第二千七百二十八章|chương 2728:
第二千七百二十九章|chương 2729:
第二千七百三十章|chương 2730:
第二千七百三十一章|chương 2731:
第二千七百三十二章|chương 2732:
第二千七百三十三章|chương 2733:
第二千七百三十四章|chương 2734:
第二千七百三十五章|chương 2735:
第二千七百三十六章|chương 2736:
第二千七百三十七章|chương 2737:
第二千七百三十八章|chương 2738:
第二千七百三十九章|chương 2739:
第二千七百四十章|chương 2740:
第二千七百四十一章|chương 2741:
第二千七百四十二章|chương 2742:
第二千七百四十三章|chương 2743:
第二千七百四十四章|chương 2744:
第二千七百四十五章|chương 2745:
第二千七百四十六章|chương 2746:
第二千七百四十七章|chương 2747:
第二千七百四十八章|chương 2748:
第二千七百四十九章|chương 2749:
第二千七百五十章|chương 2750:
第二千七百五十一章|chương 2751:
第二千七百五十二章|chương 2752:
第二千七百五十三章|chương 2753:
第二千七百五十四章|chương 2754:
第二千七百五十五章|chương 2755:
第二千七百五十六章|chương 2756:
第二千七百五十七章|chương 2757:
第二千七百五十八章|chương 2758:
第二千七百五十九章|chương 2759:
第二千七百六十章|chương 2760:
第二千七百六十一章|chương 2761:
第二千七百六十二章|chương 2762:
第二千七百六十三章|chương 2763:
第二千七百六十四章|chương 2764:
第二千七百六十五章|chương 2765:
第二千七百六十六章|chương 2766:
第二千七百六十七章|chương 2767:
第二千七百六十八章|chương 2768:
第二千七百六十九章|chương 2769:
第二千七百七十章|chương 2770:
第二千七百七十一章|chương 2771:
第二千七百七十二章|chương 2772:
第二千七百七十三章|chương 2773:
第二千七百七十四章|chương 2774:
第二千七百七十五章|chương 2775:
第二千七百七十六章|chương 2776:
第二千七百七十七章|chương 2777:
第二千七百七十八章|chương 2778:
第二千七百七十九章|chương 2779:
第二千七百八十章|chương 2780:
第二千七百八十一章|chương 2781:
第二千七百八十二章|chương 2782:
第二千七百八十三章|chương 2783:
第二千七百八十四章|chương 2784:
第二千七百八十五章|chương 2785:
第二千七百八十六章|chương 2786:
第二千七百八十七章|chương 2787:
第二千七百八十八章|chương 2788:
第二千七百八十九章|chương 2789:
第二千七百九十章|chương 2790:
第二千七百九十一章|chương 2791:
第二千七百九十二章|chương 2792:
第二千七百九十三章|chương 2793:
第二千七百九十四章|chương 2794:
第二千七百九十五章|chương 2795:
第二千七百九十六章|chương 2796:
第二千七百九十七章|chương 2797:
第二千七百九十八章|chương 2798:
第二千七百九十九章|chương 2799:
第二千八百章|chương 2800:
第二千八百零一章|chương 2801:
第二千八百零二章|chương 2802:
第二千八百零三章|chương 2803:
第二千八百零四章|chương 2804:
第二千八百零五章|chương 2805:
第二千八百零六章|chương 2806:
第二千八百零七章|chương 2807:
第二千八百零八章|chương 2808:
第二千八百零九章|chương 2809:
第二千八百一十章|chương 2810:
第二千八百一十一章|chương 2811:
第二千八百一十二章|chương 2812:
第二千八百一十三章|chương 2813:
第二千八百一十四章|chương 2814:
第二千八百一十五章|chương 2815:
第二千八百一十六章|chương 2816:
第二千八百一十七章|chương 2817:
第二千八百一十八章|chương 2818:
第二千八百一十九章|chương 2819:
第二千八百二十章|chương 2820:
第二千八百二十一章|chương 2821:
第二千八百二十二章|chương 2822:
第二千八百二十三章|chương 2823:
第二千八百二十四章|chương 2824:
第二千八百二十五章|chương 2825:
第二千八百二十六章|chương 2826:
第二千八百二十七章|chương 2827:
第二千八百二十八章|chương 2828:
第二千八百二十九章|chương 2829:
第二千八百三十章|chương 2830:
第二千八百三十一章|chương 2831:
第二千八百三十二章|chương 2832:
第二千八百三十三章|chương 2833:
第二千八百三十四章|chương 2834:
第二千八百三十五章|chương 2835:
第二千八百三十六章|chương 2836:
第二千八百三十七章|chương 2837:
第二千八百三十八章|chương 2838:
第二千八百三十九章|chương 2839:
第二千八百四十章|chương 2840:
第二千八百四十一章|chương 2841:
第二千八百四十二章|chương 2842:
第二千八百四十三章|chương 2843:
第二千八百四十四章|chương 2844:
第二千八百四十五章|chương 2845:
第二千八百四十六章|chương 2846:
第二千八百四十七章|chương 2847:
第二千八百四十八章|chương 2848:
第二千八百四十九章|chương 2849:
第二千八百五十章|chương 2850:
第二千八百五十一章|chương 2851:
第二千八百五十二章|chương 2852:
第二千八百五十三章|chương 2853:
第二千八百五十四章|chương 2854:
第二千八百五十五章|chương 2855:
第二千八百五十六章|chương 2856:
第二千八百五十七章|chương 2857:
第二千八百五十八章|chương 2858:
第二千八百五十九章|chương 2859:
第二千八百六十章|chương 2860:
第二千八百六十一章|chương 2861:
第二千八百六十二章|chương 2862:
第二千八百六十三章|chương 2863:
第二千八百六十四章|chương 2864:
第二千八百六十五章|chương 2865:
第二千八百六十六章|chương 2866:
第二千八百六十七章|chương 2867:
第二千八百六十八章|chương 2868:
第二千八百六十九章|chương 2869:
第二千八百七十章|chương 2870:
第二千八百七十一章|chương 2871:
第二千八百七十二章|chương 2872:
第二千八百七十三章|chương 2873:
第二千八百七十四章|chương 2874:
第二千八百七十五章|chương 2875:
第二千八百七十六章|chương 2876:
第二千八百七十七章|chương 2877:
第二千八百七十八章|chương 2878:
第二千八百七十九章|chương 2879:
第二千八百八十章|chương 2880:
第二千八百八十一章|chương 2881:
第二千八百八十二章|chương 2882:
第二千八百八十三章|chương 2883:
第二千八百八十四章|chương 2884:
第二千八百八十五章|chương 2885:
第二千八百八十六章|chương 2886:
第二千八百八十七章|chương 2887:
第二千八百八十八章|chương 2888:
第二千八百八十九章|chương 2889:
第二千八百九十章|chương 2890:
第二千八百九十一章|chương 2891:
第二千八百九十二章|chương 2892:
第二千八百九十三章|chương 2893:
第二千八百九十四章|chương 2894:
第二千八百九十五章|chương 2895:
第二千八百九十六章|chương 2896:
第二千八百九十七章|chương 2897:
第二千八百九十八章|chương 2898:
第二千八百九十九章|chương 2899:
第二千九百章|chương 2900:
第二千九百零一章|chương 2901:
第二千九百零二章|chương 2902:
第二千九百零三章|chương 2903:
第二千九百零四章|chương 2904:
第二千九百零五章|chương 2905:
第二千九百零六章|chương 2906:
第二千九百零七章|chương 2907:
第二千九百零八章|chương 2908:
第二千九百零九章|chương 2909:
第二千九百一十章|chương 2910:
第二千九百一十一章|chương 2911:
第二千九百一十二章|chương 2912:
第二千九百一十三章|chương 2913:
第二千九百一十四章|chương 2914:
第二千九百一十五章|chương 2915:
第二千九百一十六章|chương 2916:
第二千九百一十七章|chương 2917:
第二千九百一十八章|chương 2918:
第二千九百一十九章|chương 2919:
第二千九百二十章|chương 2920:
第二千九百二十一章|chương 2921:
第二千九百二十二章|chương 2922:
第二千九百二十三章|chương 2923:
第二千九百二十四章|chương 2924:
第二千九百二十五章|chương 2925:
第二千九百二十六章|chương 2926:
第二千九百二十七章|chương 2927:
第二千九百二十八章|chương 2928:
第二千九百二十九章|chương 2929:
第二千九百三十章|chương 2930:
第二千九百三十一章|chương 2931:
第二千九百三十二章|chương 2932:
第二千九百三十三章|chương 2933:
第二千九百三十四章|chương 2934:
第二千九百三十五章|chương 2935:
第二千九百三十六章|chương 2936:
第二千九百三十七章|chương 2937:
第二千九百三十八章|chương 2938:
第二千九百三十九章|chương 2939:
第二千九百四十章|chương 2940:
第二千九百四十一章|chương 2941:
第二千九百四十二章|chương 2942:
第二千九百四十三章|chương 2943:
第二千九百四十四章|chương 2944:
第二千九百四十五章|chương 2945:
第二千九百四十六章|chương 2946:
第二千九百四十七章|chương 2947:
第二千九百四十八章|chương 2948:
第二千九百四十九章|chương 2949:
第二千九百五十章|chương 2950:
第二千九百五十一章|chương 2951:
第二千九百五十二章|chương 2952:
第二千九百五十三章|chương 2953:
第二千九百五十四章|chương 2954:
第二千九百五十五章|chương 2955:
第二千九百五十六章|chương 2956:
第二千九百五十七章|chương 2957:
第二千九百五十八章|chương 2958:
第二千九百五十九章|chương 2959:
第二千九百六十章|chương 2960:
第二千九百六十一章|chương 2961:
第二千九百六十二章|chương 2962:
第二千九百六十三章|chương 2963:
第二千九百六十四章|chương 2964:
第二千九百六十五章|chương 2965:
第二千九百六十六章|chương 2966:
第二千九百六十七章|chương 2967:
第二千九百六十八章|chương 2968:
第二千九百六十九章|chương 2969:
第二千九百七十章|chương 2970:
第二千九百七十一章|chương 2971:
第二千九百七十二章|chương 2972:
第二千九百七十三章|chương 2973:
第二千九百七十四章|chương 2974:
第二千九百七十五章|chương 2975:
第二千九百七十六章|chương 2976:
第二千九百七十七章|chương 2977:
第二千九百七十八章|chương 2978:
第二千九百七十九章|chương 2979:
第二千九百八十章|chương 2980:
第二千九百八十一章|chương 2981:
第二千九百八十二章|chương 2982:
第二千九百八十三章|chương 2983:
第二千九百八十四章|chương 2984:
第二千九百八十五章|chương 2985:
第二千九百八十六章|chương 2986:
第二千九百八十七章|chương 2987:
第二千九百八十八章|chương 2988:
第二千九百八十九章|chương 2989:
第二千九百九十章|chương 2990:
第二千九百九十一章|chương 2991:
第二千九百九十二章|chương 2992:
第二千九百九十三章|chương 2993:
第二千九百九十四章|chương 2994:
第二千九百九十五章|chương 2995:
第二千九百九十六章|chương 2996:
第二千九百九十七章|chương 2997:
第二千九百九十八章|chương 2998:
第二千九百九十九章|chương 2999:
第三千章|chương 3000:
第三千零一章|chương 3001:
第三千零二章|chương 3002:
第三千零三章|chương 3003:
第三千零四章|chương 3004:
第三千零五章|chương 3005:
第三千零六章|chương 3006:
第三千零七章|chương 3007:
第三千零八章|chương 3008:
第三千零九章|chương 3009:
第三千零一十章|chương 3010:
第三千零一十一章|chương 3011:
第三千零一十二章|chương 3012:
第三千零一十三章|chương 3013:
第三千零一十四章|chương 3014:
第三千零一十五章|chương 3015:
第三千零一十六章|chương 3016:
第三千零一十七章|chương 3017:
第三千零一十八章|chương 3018:
第三千零一十九章|chương 3019:
第三千零二十章|chương 3020:
第三千零二十一章|chương 3021:
第三千零二十二章|chương 3022:
第三千零二十三章|chương 3023:
第三千零二十四章|chương 3024:
第三千零二十五章|chương 3025:
第三千零二十六章|chương 3026:
第三千零二十七章|chương 3027:
第三千零二十八章|chương 3028:
第三千零二十九章|chương 3029:
第三千零三十章|chương 3030:
第三千零三十一章|chương 3031:
第三千零三十二章|chương 3032:
第三千零三十三章|chương 3033:
第三千零三十四章|chương 3034:
第三千零三十五章|chương 3035:
第三千零三十六章|chương 3036:
第三千零三十七章|chương 3037:
第三千零三十八章|chương 3038:
第三千零三十九章|chương 3039:
第三千零四十章|chương 3040:
第三千零四十一章|chương 3041:
第三千零四十二章|chương 3042:
第三千零四十三章|chương 3043:
第三千零四十四章|chương 3044:
第三千零四十五章|chương 3045:
第三千零四十六章|chương 3046:
第三千零四十七章|chương 3047:
第三千零四十八章|chương 3048:
第三千零四十九章|chương 3049:
第三千零五十章|chương 3050:
第三千零五十一章|chương 3051:
第三千零五十二章|chương 3052:
第三千零五十三章|chương 3053:
第三千零五十四章|chương 3054:
第三千零五十五章|chương 3055:
第三千零五十六章|chương 3056:
第三千零五十七章|chương 3057:
第三千零五十八章|chương 3058:
第三千零五十九章|chương 3059:
第三千零六十章|chương 3060:
第三千零六十一章|chương 3061:
第三千零六十二章|chương 3062:
第三千零六十三章|chương 3063:
第三千零六十四章|chương 3064:
第三千零六十五章|chương 3065:
第三千零六十六章|chương 3066:
第三千零六十七章|chương 3067:
第三千零六十八章|chương 3068:
第三千零六十九章|chương 3069:
第三千零七十章|chương 3070:
第三千零七十一章|chương 3071:
第三千零七十二章|chương 3072:
第三千零七十三章|chương 3073:
第三千零七十四章|chương 3074:
第三千零七十五章|chương 3075:
第三千零七十六章|chương 3076:
第三千零七十七章|chương 3077:
第三千零七十八章|chương 3078:
第三千零七十九章|chương 3079:
第三千零八十章|chương 3080:
第三千零八十一章|chương 3081:
第三千零八十二章|chương 3082:
第三千零八十三章|chương 3083:
第三千零八十四章|chương 3084:
第三千零八十五章|chương 3085:
第三千零八十六章|chương 3086:
第三千零八十七章|chương 3087:
第三千零八十八章|chương 3088:
第三千零八十九章|chương 3089:
第三千零九十章|chương 3090:
第三千零九十一章|chương 3091:
第三千零九十二章|chương 3092:
第三千零九十三章|chương 3093:
第三千零九十四章|chương 3094:
第三千零九十五章|chương 3095:
第三千零九十六章|chương 3096:
第三千零九十七章|chương 3097:
第三千零九十八章|chương 3098:
第三千零九十九章|chương 3099:
第三千一百章|chương 3100:
第三千一百零一章|chương 3101:
第三千一百零二章|chương 3102:
第三千一百零三章|chương 3103:
第三千一百零四章|chương 3104:
第三千一百零五章|chương 3105:
第三千一百零六章|chương 3106:
第三千一百零七章|chương 3107:
第三千一百零八章|chương 3108:
第三千一百零九章|chương 3109:
第三千一百一十章|chương 3110:
第三千一百一十一章|chương 3111:
第三千一百一十二章|chương 3112:
第三千一百一十三章|chương 3113:
第三千一百一十四章|chương 3114:
第三千一百一十五章|chương 3115:
第三千一百一十六章|chương 3116:
第三千一百一十七章|chương 3117:
第三千一百一十八章|chương 3118:
第三千一百一十九章|chương 3119:
第三千一百二十章|chương 3120:
第三千一百二十一章|chương 3121:
第三千一百二十二章|chương 3122:
第三千一百二十三章|chương 3123:
第三千一百二十四章|chương 3124:
第三千一百二十五章|chương 3125:
第三千一百二十六章|chương 3126:
第三千一百二十七章|chương 3127:
第三千一百二十八章|chương 3128:
第三千一百二十九章|chương 3129:
第三千一百三十章|chương 3130:
第三千一百三十一章|chương 3131:
第三千一百三十二章|chương 3132:
第三千一百三十三章|chương 3133:
第三千一百三十四章|chương 3134:
第三千一百三十五章|chương 3135:
第三千一百三十六章|chương 3136:
第三千一百三十七章|chương 3137:
第三千一百三十八章|chương 3138:
第三千一百三十九章|chương 3139:
第三千一百四十章|chương 3140:
第三千一百四十一章|chương 3141:
第三千一百四十二章|chương 3142:
第三千一百四十三章|chương 3143:
第三千一百四十四章|chương 3144:
第三千一百四十五章|chương 3145:
第三千一百四十六章|chương 3146:
第三千一百四十七章|chương 3147:
第三千一百四十八章|chương 3148:
第三千一百四十九章|chương 3149:
第三千一百五十章|chương 3150:
第三千一百五十一章|chương 3151:
第三千一百五十二章|chương 3152:
第三千一百五十三章|chương 3153:
第三千一百五十四章|chương 3154:
第三千一百五十五章|chương 3155:
第三千一百五十六章|chương 3156:
第三千一百五十七章|chương 3157:
第三千一百五十八章|chương 3158:
第三千一百五十九章|chương 3159:
第三千一百六十章|chương 3160:
第三千一百六十一章|chương 3161:
第三千一百六十二章|chương 3162:
第三千一百六十三章|chương 3163:
第三千一百六十四章|chương 3164:
第三千一百六十五章|chương 3165:
第三千一百六十六章|chương 3166:
第三千一百六十七章|chương 3167:
第三千一百六十八章|chương 3168:
第三千一百六十九章|chương 3169:
第三千一百七十章|chương 3170:
第三千一百七十一章|chương 3171:
第三千一百七十二章|chương 3172:
第三千一百七十三章|chương 3173:
第三千一百七十四章|chương 3174:
第三千一百七十五章|chương 3175:
第三千一百七十六章|chương 3176:
第三千一百七十七章|chương 3177:
第三千一百七十八章|chương 3178:
第三千一百七十九章|chương 3179:
第三千一百八十章|chương 3180:
第三千一百八十一章|chương 3181:
第三千一百八十二章|chương 3182:
第三千一百八十三章|chương 3183:
第三千一百八十四章|chương 3184:
第三千一百八十五章|chương 3185:
第三千一百八十六章|chương 3186:
第三千一百八十七章|chương 3187:
第三千一百八十八章|chương 3188:
第三千一百八十九章|chương 3189:
第三千一百九十章|chương 3190:
第三千一百九十一章|chương 3191:
第三千一百九十二章|chương 3192:
第三千一百九十三章|chương 3193:
第三千一百九十四章|chương 3194:
第三千一百九十五章|chương 3195:
第三千一百九十六章|chương 3196:
第三千一百九十七章|chương 3197:
第三千一百九十八章|chương 3198:
第三千一百九十九章|chương 3199:
第三千二百章|chương 3200:
第三千二百零一章|chương 3201:
第三千二百零二章|chương 3202:
第三千二百零三章|chương 3203:
第三千二百零四章|chương 3204:
第三千二百零五章|chương 3205:
第三千二百零六章|chương 3206:
第三千二百零七章|chương 3207:
第三千二百零八章|chương 3208:
第三千二百零九章|chương 3209:
第三千二百一十章|chương 3210:
第三千二百一十一章|chương 3211:
第三千二百一十二章|chương 3212:
第三千二百一十三章|chương 3213:
第三千二百一十四章|chương 3214:
第三千二百一十五章|chương 3215:
第三千二百一十六章|chương 3216:
第三千二百一十七章|chương 3217:
第三千二百一十八章|chương 3218:
第三千二百一十九章|chương 3219:
第三千二百二十章|chương 3220:
第三千二百二十一章|chương 3221:
第三千二百二十二章|chương 3222:
第三千二百二十三章|chương 3223:
第三千二百二十四章|chương 3224:
第三千二百二十五章|chương 3225:
第三千二百二十六章|chương 3226:
第三千二百二十七章|chương 3227:
第三千二百二十八章|chương 3228:
第三千二百二十九章|chương 3229:
第三千二百三十章|chương 3230:
第三千二百三十一章|chương 3231:
第三千二百三十二章|chương 3232:
第三千二百三十三章|chương 3233:
第三千二百三十四章|chương 3234:
第三千二百三十五章|chương 3235:
第三千二百三十六章|chương 3236:
第三千二百三十七章|chương 3237:
第三千二百三十八章|chương 3238:
第三千二百三十九章|chương 3239:
第三千二百四十章|chương 3240:
第三千二百四十一章|chương 3241:
第三千二百四十二章|chương 3242:
第三千二百四十三章|chương 3243:
第三千二百四十四章|chương 3244:
第三千二百四十五章|chương 3245:
第三千二百四十六章|chương 3246:
第三千二百四十七章|chương 3247:
第三千二百四十八章|chương 3248:
第三千二百四十九章|chương 3249:
第三千二百五十章|chương 3250:
第三千二百五十一章|chương 3251:
第三千二百五十二章|chương 3252:
第三千二百五十三章|chương 3253:
第三千二百五十四章|chương 3254:
第三千二百五十五章|chương 3255:
第三千二百五十六章|chương 3256:
第三千二百五十七章|chương 3257:
第三千二百五十八章|chương 3258:
第三千二百五十九章|chương 3259:
第三千二百六十章|chương 3260:
第三千二百六十一章|chương 3261:
第三千二百六十二章|chương 3262:
第三千二百六十三章|chương 3263:
第三千二百六十四章|chương 3264:
第三千二百六十五章|chương 3265:
第三千二百六十六章|chương 3266:
第三千二百六十七章|chương 3267:
第三千二百六十八章|chương 3268:
第三千二百六十九章|chương 3269:
第三千二百七十章|chương 3270:
第三千二百七十一章|chương 3271:
第三千二百七十二章|chương 3272:
第三千二百七十三章|chương 3273:
第三千二百七十四章|chương 3274:
第三千二百七十五章|chương 3275:
第三千二百七十六章|chương 3276:
第三千二百七十七章|chương 3277:
第三千二百七十八章|chương 3278:
第三千二百七十九章|chương 3279:
第三千二百八十章|chương 3280:
第三千二百八十一章|chương 3281:
第三千二百八十二章|chương 3282:
第三千二百八十三章|chương 3283:
第三千二百八十四章|chương 3284:
第三千二百八十五章|chương 3285:
第三千二百八十六章|chương 3286:
第三千二百八十七章|chương 3287:
第三千二百八十八章|chương 3288:
第三千二百八十九章|chương 3289:
第三千二百九十章|chương 3290:
第三千二百九十一章|chương 3291:
第三千二百九十二章|chương 3292:
第三千二百九十三章|chương 3293:
第三千二百九十四章|chương 3294:
第三千二百九十五章|chương 3295:
第三千二百九十六章|chương 3296:
第三千二百九十七章|chương 3297:
第三千二百九十八章|chương 3298:
第三千二百九十九章|chương 3299:
第三千三百章|chương 3300:
第三千三百零一章|chương 3301:
第三千三百零二章|chương 3302:
第三千三百零三章|chương 3303:
第三千三百零四章|chương 3304:
第三千三百零五章|chương 3305:
第三千三百零六章|chương 3306:
第三千三百零七章|chương 3307:
第三千三百零八章|chương 3308:
第三千三百零九章|chương 3309:
第三千三百一十章|chương 3310:
第三千三百一十一章|chương 3311:
第三千三百一十二章|chương 3312:
第三千三百一十三章|chương 3313:
第三千三百一十四章|chương 3314:
第三千三百一十五章|chương 3315:
第三千三百一十六章|chương 3316:
第三千三百一十七章|chương 3317:
第三千三百一十八章|chương 3318:
第三千三百一十九章|chương 3319:
第三千三百二十章|chương 3320:
第三千三百二十一章|chương 3321:
第三千三百二十二章|chương 3322:
第三千三百二十三章|chương 3323:
第三千三百二十四章|chương 3324:
第三千三百二十五章|chương 3325:
第三千三百二十六章|chương 3326:
第三千三百二十七章|chương 3327:
第三千三百二十八章|chương 3328:
第三千三百二十九章|chương 3329:
第三千三百三十章|chương 3330:
第三千三百三十一章|chương 3331:
第三千三百三十二章|chương 3332:
第三千三百三十三章|chương 3333:
